https://www.zhihu.com/question/22898278	一个很普通的大学女生，长的不丑，但是自己总会有自卑感作祟，想快速提升自己的气质或者气场，能给我好的建议或者意见吗？
https://www.zhihu.com/question/24600058	除了 Discuz 之外, 有哪些不错的开源论坛系统? 各有什么优劣? 谢谢.
https://www.zhihu.com/question/266845010	仅仅是因为 PDF 是 Adobe 家的有专利吗？
https://www.zhihu.com/question/268565724	世界卫生组织的报告显示，日本是全世界肥胖率最低的国家之一，并且是发达国家中肥胖率最低的国家，2016 年约是 4%。即便是以浪漫优雅、精致苛刻著称的法国，肥胖率也有 11%，美国则高达 32%。 常常看日本电影电视剧的人不难发现，日本的明星演员都非常瘦。现实生活中，但凡有外国人来到日本，都会惊呼说：「日本街头几乎看不到胖子！」 有趣的是，日本人却并不爱运动，普遍没有健身习惯。根据医学期刊《The Lancet》调查「全球最不爱运动的国家」，日本排到第十一名，全国有超过 60% 的人参与运动的积极度都是在平均水平以下。全球最爱运动的国家是美国，全国有超过 40% 的人参与运动的积极度都在高水平以上。为什么不喜欢运动的日本人却是全球最瘦？
https://www.zhihu.com/question/308920265	有意向考研并且喜欢西南政法大学，导师建议我们读一些书，想多了解法学有什么有意思的入门书籍推荐吗？而且对于考研有什么建议吗？ 谢谢各位啦
https://www.zhihu.com/question/316754604	应该从哪些史书入手？顺序是如何？
https://www.zhihu.com/question/340223529	观察到的一个现象是程序员职业的幸福度是相当低的，极大部分人都是普通人，都在做着损耗身体，重复性的搬砖活动。缺少了情感交流，色彩化，加之高压下抑制创造性发挥，职业规格和市场现状就是反人类的，终究来说，像机器一样思考是极少数人能做到的事，而大部分人会被各种外力不断冲击，也就是为了一笔钱而已，也只能不断麻痹着自己去提升技术，热爱工作。 那么如果你有了足够的钱，你还想做程序员吗？你又想做什么自己真心想做的事情呢？请说出你的故事。
https://www.zhihu.com/question/34336738	男，19 岁学生党，皮肤夏天天热时爱出油，冬天偏干，比较黑，想美白，求推荐护肤产品，基本要求洗的干净不紧绷，预算有限 300 元左右
https://www.zhihu.com/question/363285780	都说发烧会烧坏脑子，如果单独保护大脑对全身升温，可以有效杀死癌细胞痊愈吗？ 这样做是不是会留下后遗症？还是说大脑是无法在全身升温的情况下独立散热保护？
https://www.zhihu.com/question/42662696	辩论时总会遇到双方互相丢事例和数据的情况，那么请问：1. 当双方只是单纯丢事例数据并没深入挖掘事例数据的时候，怎么拆呢？（啊貌似这个有点蠢然而还是不会拆呵呵呵） 2. 当双方挖深了事例数据互相丢的时候，怎么拆呢？ 拆事例和拆数据... 问题如题
https://www.zhihu.com/question/451537118	这是美国一个大学的物理学考试题目，RWP for Exam 1 - Stealing Power
https://www.zhihu.com/question/469423833	学习摄影有段时间了，一直在网上搜索调色教程，可是看完还是晕乎乎的，请问如何学习调色（人像和风光调色都想学习）
https://www.zhihu.com/question/479791391	一些很老的系统（比如 Windows2000 以下的系统）现在几乎没有人用了。现在就算是 XP 除了一些特殊情况外就真的没怎么看到过，基本上现在操作系统不是 Windows7 就是 10。题主 Windows Sever 2019 系统，是因为讨厌 Windows10 自带的乱七八糟的服务才用的。所以说 2000 以下的老系统几乎没有任何商业价值了，为何不开源供大家研究源代码？
https://www.zhihu.com/question/48493199	题主是一枚准高一狗，想考雅思，想得 8 分（认真脸） 现在正在进行盲目学习... 因为摸不清套路不知该从何开始学，向各位大神求助 谢谢～
https://www.zhihu.com/question/490301294	伊尔 2 是专职的对地攻击机，使用机炮、火箭弹和炸弹进行空中支援。P47 主要是护航战斗机，但是由于机型庞大坚固，也可以挂载火箭和炸弹对地攻击，但是固定武器只有机枪。 那么综合考虑两者的性能数据以及各自在实际运用中的表现，伊尔 2 和 P47 哪个更适合执行近距离空中对地支援呢？
https://www.zhihu.com/question/506234289	考不上我打算边工作边二战的，也不知道今年有必要为了成绩能好看一点继续准备一战还是要现在开始准备二战了。这一年花了挺多时间却好像什么也没学好，基础打的特别差，单词背的也忘得差不多了。九月份换的专业课前几天才学完，数学真题一套都没写完。九月份就想着二战的，结果前几天心态崩了，现在好了点，但还是很迷茫 。六级考了好多次也没过，这次也应该一样。
https://www.zhihu.com/question/525485662	年轻人装修，除了注重追求实用性和舒适感，当然也要兼具美感，除了当前大火的侘寂风，新中式风，还有哪些家装产品趋势值得关注？如何给自己打造一个既能凹造型拍大片，又能享受智能感和强功能性的舒适新家，欢迎来分享~
https://www.zhihu.com/question/530400161	大部分同学，看着每天忙忙碌碌，上课下课写题。但是我也不知道他们在干嘛，我问他们毕业了想干什么工作，他们也都支支吾吾，虽然可能有部分人是知道自己该干嘛，只是不愿意回答。但是我看来，大部分同学是真的不知道自己想干嘛。 为一个大一双非一本，家庭条件一般的大学生。我发现学校教的很多课程，都和真实的工作岗位没有关系。学生们都不清楚自己以后该去哪里就业。
https://www.zhihu.com/question/530803093	曹则贤教授曾在演讲中提到，数学物理有 85% 的知识未传入中国，但我对这个观点表示疑惑，有大佬解释下么？ 中科院曹则贤：这个世界上有 85% 的数学物理都没传到中国，网友：大部分人都用不到#教育 #思维
https://www.zhihu.com/question/543965236	淘宝京东天猫双十二活动什么时候开始呀？
https://www.zhihu.com/question/545195950	今天有个上小学的孩子问我：既然用手机打拼音就能变成汉字了，那为什么有的汉字不能只用拼音？ 有人知道这个原因吗？求解
https://www.zhihu.com/question/551171367	当孩子逐渐长大开始独立思考，发现社会的游戏规则跟我，书本，老师教导他的不一样，质疑我的时候该怎么办?
https://www.zhihu.com/question/560271173	刚上大学，大学的数学专业课有《空间解析几何》《高等代数》和《数学分析》三个；其中数学分析最让我不能接受。它在试图将一切人话，转化成数学语言，这在我看来这是没有必要的行为。我想能不能抛开《数分》(尽量不花精力在这本书上，不跟学校走)，做自己喜欢的事，只研究自己感兴趣的数学？公理化和严谨确实是好事，但这不是我的追求。
https://www.zhihu.com/question/562421408	想换一款吹风机。求助万能的知友们分享一些选购标准，以及推荐一些适合女生使用的款型，感激不尽！对了，预算最好控制在 500 以内~
https://www.zhihu.com/question/563451357	耐克 blazer Vans 匡威这些经典板鞋觉得都很好看，但是不知道哪款走路舒服，本人膝盖有伤。。求大神指导
https://www.zhihu.com/question/563475464	市面上常见的复式洗衣机的上筒容量一般是 4-5kg，似乎多加 1kg 的容量也不是什么难事，但为什么目前就只有 TCL 做出了 6kg 上筒容量的复式洗衣机呢？最符合分区洗衣需求的上筒容量又是多少呢？
https://www.zhihu.com/question/563491189	我家里免费升级了宽带，但是老路由器信号一直都不好，想换台 WIFI6 的路由。网上看了一下现在的路由不光能上网还可以给游戏加速，挂着赚积分收益？实在不知道如何选择，请各位大佬们帮我答疑解惑吧！
https://www.zhihu.com/question/564233941	谢谢各位有经验的朋友回答下，男士，30 岁，想维持一下身材不求增肌
https://www.zhihu.com/question/565190503	2022 年是不是国内 MPV 井喷元年？油、混、纯电，传统品牌、新势力 MPV 新车频发发布，在国内 MPV 会成为继 SUV 之后的下一个车型爆点吗？
https://www.zhihu.com/question/565198687	猫咪很能吃，越来越胖，喂猫的时候猫咪会不会自己想减肥，少吃一些。
https://www.zhihu.com/question/566827315	世界杯火热开赛，谁是你心中的冠军队伍？快去为你支持的球队助威吧！2022.11.18-12.18 世界杯期间，参与球队助威，即有机会瓜分盐粒奖池。助威次数越多，助威球队每场获胜后瓜分赢取的盐粒越多。每日达成任务成就还可获得额外创作分奖励，加速获得助威次数。点击下方链接，马上去助威吧>>> 为你支持的球队助威，赢知乎盐粒
https://www.zhihu.com/question/567183334	世界杯火热开赛，谁是你心中的冠军队伍？快去为你支持的球队助威吧！2022.11.18-12.18 世界杯期间，参与球队助威，即有机会瓜分盐粒奖池。助威次数越多，助威球队每场获胜后瓜分赢取的盐粒越多。每日达成任务成就还可获得额外创作分奖励，加速获得助威次数。点击下方链接，马上去助威吧>>> 为你支持的球队助威，赢知乎盐粒
https://www.zhihu.com/question/567656906	世界杯火热开赛，谁是你心中的冠军队伍？快去为你支持的球队助威吧！2022.11.18-12.18 世界杯期间，参与球队助威，即有机会瓜分盐粒奖池。助威次数越多，助威球队每场获胜后瓜分赢取的盐粒越多。每日达成任务成就还可获得额外创作分奖励，加速获得助威次数。点击下方链接，马上去助威吧！ 为你支持的球队助威，赢知乎盐粒>>>
https://www.zhihu.com/question/567962401	各种资源相比，卡塔尔跟日本都有数量级的差距，为什么日本要跟韩国合办，而卡塔尔自己就可以办了？
https://www.zhihu.com/question/567990839	最近看新闻说个人养老金要进入股市，但是我从来没听说过个人养老金，只知道社保中的养老金，这个个人养老金是不是很少人会去交，而且存进个人养老金的账户就不能取出来了，那和我自己每个月存点钱有什么区别呢？
https://www.zhihu.com/question/568032338	本人高二在校生，学校要求十点半睡觉
https://www.zhihu.com/question/568136397	比如现在的足球世界杯，很多人都认为日本有可能打败德国，或者战平！沙特有可能打赢或者打平阿根廷！其实日本，沙特足球排名比德国，阿根廷差的远！！……但篮球世界杯，如果一个明显强队，比如阿根廷 vs 沙特，那基本上一边倒认为阿根廷回赢，沙特不可能赢。这是为啥呢？ 世界杯火热开赛，谁是你心中的冠军队伍？快去为你支持的球队助威吧！2022.11.18-12.18 世界杯期间，参与球队助威，即有机会瓜分盐粒奖池。助威次数越多，助威球队每场获胜后瓜分赢取的盐粒越多。每日达成任务成就还可获得额外创作分奖励，加速获得助威次数。点击下方链接，马上去助威吧>>> 为你支持的球队助威，赢知乎盐粒
https://www.zhihu.com/question/568411928	明年打算入手一辆新能源车。欢迎各位畅所欲言。
https://www.zhihu.com/question/568449405	输了韩国又输日本，德国队的症结到底在哪里？ 世界杯火热开赛，谁是你心中的冠军队伍？快去为你支持的球队助威吧！2022.11.18-12.18 世界杯期间，参与球队助威，即有机会瓜分盐粒奖池。助威次数越多，助威球队每场获胜后瓜分赢取的盐粒越多。每日达成任务成就还可获得额外创作分奖励，加速获得助威次数。点击下方链接，马上去助威吧>>> 为你支持的球队助威，赢知乎盐粒
https://www.zhihu.com/question/568587451	Crush 指「短暂地、热烈地但又是羞涩地爱恋」 如何与 Crush 建立有效连接？
https://www.zhihu.com/question/568770778	对于多数太空史诗而言，星门不管具体原理如何，都采用了类似于虫洞对的瞬时传送系统，在假设这种航行方式，并不违反爱因斯坦定理（比如折叠空间来进行超光速航行)，或者当已经提出了比爱因斯坦原理更进一步的物理定律（亚空间 / 高维航行 / 快子航行等等），使得星门是可以量产并且规模应用的。 在此基础上去评估他对一个星际帝国的影响，应该如何分析？可以对比现实中的哪种交通方式？港口还是火车站？ @赵泠
https://www.zhihu.com/question/568773549	例: 人工智能学到最后都是数学; 人工智能的本质就是数学; 经济学的本质就是数学; \cdots
https://www.zhihu.com/question/568791838	ICLR 2023 开奖，扩散模型成为一大热门，且席卷很多方向。快到 2023 年了，扩散模型还有什么方向可做的呢
https://www.zhihu.com/question/568832709	财联社 11 月 25 日电，法国外交部长凯瑟琳 · 科隆纳 ( Catherine Colonna ) 表示，法国将向乌克兰运送 100 台超大功率发电机。据乌克兰媒体报道，红十字国际委员会已向哈尔科夫地区运送了十台重型发电机。 法国向乌克兰运送 100 台超大功率发电机
https://www.zhihu.com/question/568993936	曾经我和他是非常要好的朋友，可是现在，也不知道发生了什么，他慢慢不主动联系我了，我给他发信息也总是敷衍我。起初以为他只是变的稳重，变的成熟，可是现在我发现，他会主动的去找别人聊天，但不会来找我
https://www.zhihu.com/question/569024071	哪一种思想对你的数学生涯影响最深呢？
https://www.zhihu.com/question/569026423	在寝室学不进去难道不是自己的原因吗? 感觉不去图书馆就是不爱学习，我就不喜欢图书馆里面那种压抑的感觉，在寝室学习反而感觉很轻松，学习的时间也更久
https://www.zhihu.com/question/569137722	就算孙悟空对这些不感兴趣，但也应该有很多女的喜欢他呀，为什么一个个都追着唐僧
https://www.zhihu.com/question/569139929	财联社 11 月 26 日电，当地时间周五（11 月 25 日），荷兰外贸与发展合作大臣莉谢·施赖纳马赫尔表示，荷兰正与美国政府就关于向中国出口光刻机的新限制进行谈判。自 2018 年以来，在美国的压力之下，荷兰政府一直禁止阿斯麦向中国出口其最先进的极紫外线光刻机（EUV），但仍可以销售上一代的深紫外线光刻机（DUV）。然而，美国希望进一步打压中国芯片行业，将 DUV 也纳入禁售范围。施赖纳马赫尔称：「我们正与美国进行谈判，显然他们已经宣布了单方面措施。我无法评论荷兰将接受什么，我们在权衡自己的利益，我们的公司已经受到（以前的）出口限制的损害。」
https://www.zhihu.com/question/569147822	大一已经过半，还是不能静下心好好学，想知道大家大学生活是如何度过的？
https://www.zhihu.com/question/569186955	中国足球职业联赛夏季转会窗口将于 8 月 1 日打开，国内足坛今夏最受关注的转会消息已经爆出——2019 年 1 月由上海海港加盟西甲西班牙人的武磊将结束留洋生涯，回归上海海港征战中超联赛。2021-2022 赛季西甲联赛于北京时间 5 月 23 日落幕，西班牙人收官战客场战平格拉纳达后，武磊曾在社交平台上发文，「这几年连轴转，身心俱疲，接下来真的要好好休息放松一下，7 月继续。」当时在外界看来，尽管武磊这个赛季出场机会寥寥，但依然会选择坚守。毕竟「鹦鹉军团」做了较大调整，球队主教练和体育总监均出现变动，武磊被认为有机会重新竞争上岗。 西班牙人的新赛季备战已开始了近一个月，武磊第二周就遇到膝伤，未随队参加马贝拉集训。当地时间 7 月 27 日，西班牙媒体报道了武磊的转会动向——武磊、西班牙人和上海海港的转会谈判已经开启。据悉，与西班牙人合同 2024 年 6 月到期的武磊出于家庭因素考虑，计划提前结束留洋生涯。 本赛季中超前 10 轮，上海海港的战绩并不理想，暂列积分榜第 6 位。武磊正是球队需要的补强人选，毕竟外援穆伊已经离队，奥斯卡归来的前景也极不乐观。 据新京报记者了解，三方谈判仍在进行中，如果不出意外的话，武磊将在今年中超夏窗重返上海海港。出于家庭因素考虑，武磊将结束留洋重返中超 周三，德甲豪门拜仁官方宣布，已经签下了日本 18 岁中场球员福井太智，他将在明年正式加入拜仁，不过先从二队踢起。如果他在拜仁踢上德甲，那他将成为本赛季第 10 位在德甲踢球的日本球员。 日本队目前在国际足联排名第 24 位，据统计，目前欧洲五大联赛已经有 16 名日本球员。 其中在英超 2 人，他们效力阿森纳的富安健洋、效力布莱顿的三笘薫。法甲有川岛永嗣、奥奈武 - 阿道、伊东纯也、南野拓实。而德甲最多，达到了 9 人，他们是镰田大地、长谷部诚、远藤航、伊藤洋辉、吉田麻也、原口元气、堂安律、浅野拓磨、板仓滉。如果福井太智也上演德甲首秀，那日本的德甲球员将有 10 人。 另一方面，国际足联排名第 28 位的韩国，也有 7 名球员效力于五大联赛，其中英超有热刺的孙兴慜、狼队的黄喜灿。西甲有马洛卡的李刚仁，意甲有那不勒斯的金珉载，德甲有柏林赫塔的李东俊，美因茨的李在成，弗莱堡的郑优营。五大联赛球员数量：日本 16 人韩国 7 人 国足 0 人 世界杯火热开赛，谁是你心中的冠军队伍？快去为你支持的球队助威吧！2022.11.18-12.18 世界杯期间，参与球队助威，即有机会瓜分盐粒奖池。助威次数越多，助威球队每场获胜后瓜分赢取的盐粒越多。每日达成任务成就还可获得额外创作分奖励，加速获得助威次数。点击下方链接，马上去助威吧>>>
https://www.zhihu.com/question/569188601	11 月 26 日，中超联赛第 27 轮上演焦点战，广州队在晋江体育中心体育场以 1 比 1 战平河南嵩山龙门队。目前广州队与广州城队同积 15 分，以两个净胜球优势在积分榜上反超广州城队，排名联赛第 15 名，暂时脱离降级区。 赛前，保级竞争对手武汉长江因欠薪被扣 6 分，广州队排名升至第 16 位。 韦世豪、杨立瑜、艾菲尔丁组成广州队首发锋线三叉戟，老将蒿俊闵、黄博文、张成林因伤再次缺席大名单。 上半时，河南队王上源、阿德里安相继制造险情，但广州队门将刘世博力保城门不失，多次做出关键扑救，双方互交白卷进入下半时。 第 53 分钟，广州队右后卫陈泉江提前卡住身位，造成阿德里安禁区内犯规，韦世豪主罚点球命中。 第 65 分钟，河南队杨帅在禁区内手球，主裁回看视频回放后认定其手臂处于自然状态，不构成点球。 第 73 分钟，王上源右路送出助攻、黄紫昌头球破门，河南队扳平比分。临近终场，广州队又被吓出一身冷汗：卡兰加禁区转身、近距离打门，刘世博再次立功，为球队守住关键 1 分。 本场比赛，刘世博贡献了 7 次扑救，获评 8.6 的高分。赛后，他在接受采访时表示，这只是自己应该完成的任务，球队困难时自己需要站出来。 广州队技术总监傅博认为，虽然平局对球队来说很遗憾，但这 1 分很宝贵。「年轻球员取得不小的进步，比赛中越来越投入，是一个好的迹象」。【中超】广州队与河南队握手言和，暂时脱离降级区 2021 年下半年开始，广州足球俱乐部的大股东恒大集团遭遇经营困境，俱乐部也受到影响。由此可以看出，广州足球俱乐部将把「紧缩银根」落实到极致的程度。而此举在整个国内职业足球行业圈里或许带有相当的风向标色彩。 广州足球俱乐部官网显示，2010 年 3 月 1 日，恒大集团以一亿元买断广州足球俱乐部全部股权，俱乐部正式更名为广州恒大足球俱乐部。 2014 赛季，阿里巴巴集团增资扩股广州恒大足球俱乐部，广州恒大队更名为广州恒大淘宝队。 2015 年，广州恒大淘宝大队挂牌新三板，成为亚洲第一支上市的足球俱乐部队。 截至 2020 年底退市， 恒大淘宝俱乐部的市值曾一度高达 190.4 亿元，为新三板总市值排名第三的公司。 公司公告显示，2015 年 -2019 年，恒大淘宝俱乐部净利润分别亏损 9.52 亿元、 8.12 亿元、 9.86 亿元、 18.29 亿元和 19.4 亿元。 而因为持续亏损， 恒大淘宝 俱乐部在 2018 年 5 月 3 日「戴帽」成为 ST 恒宝 ，被实施风险警示。 恒大淘宝 俱乐部也曾多次在年报中提及，球员资源是公司目前最大的采购项目，但由于引进教练和球员的转会费及薪酬成本较高，导致公司成本居高不下，继而多年处于亏损状态。 2020 年 12 月 19 日，恒大淘宝申请在新三板终止挂牌。 2021 年 1 月，俱乐部正式更名为广州足球俱乐部，简称为「广州队」，并于 2021 年 3 月正式摘牌。大幅降薪！广州队一线队球员年薪最低仅 6 万元，封顶 60 万！与 5 名归化球员终止合约 | 每经网
https://www.zhihu.com/question/569318650	看到岚图对撞埃尔法的结果，有钱人还会买埃尔法吗？
https://www.zhihu.com/question/569319581	据中国载人航天工程办公室消息，在载人飞船与空间站组合体成功实现自主快速交会对接后，神舟十五号航天员乘组从飞船返回舱进入轨道舱。完成各项准备后，北京时间 2022 年 11 月 30 日 7 时 33 分，翘盼已久的神舟十四号航天员乘组顺利打开「家门」，神舟十五号航天员乘组费俊龙、邓清明和张陆「到家」。 「神舟十五号，中国‘太空家园’的大门已经为你们打开。」神舟十四号乘组指令长陈冬打开节点舱舱门后，激动地说。 在节点舱，两乘组的指令长率先会面，陈冬与费俊龙先是握手，随后紧紧拥抱，热情欢迎远道而来的亲人入驻「天宫」。邓清明、张陆也陆续走进「家门」，与在核心舱内等待的刘洋、蔡旭哲握手拥抱。六名中国航天员在天和核心舱内顺利会师，并一起在中国人自己的「太空家园」里留下了一张足以载入史册的太空合影，「中国空间站，永远值得期待！」 后续，两个航天员乘组将在空间站进行首次在轨轮换。期间，6 名航天员将共同在空间站工作生活约 5 天时间，完成各项既定任务和交接工作。 据中国载人航天工程办公室消息，神舟十五号载人飞船入轨后，于北京时间 2022 年 11 月 30 日 5 时 42 分，成功对接于空间站天和核心舱前向端口，整个对接过程历时约 6.5 小时。 按任务计划，3 名航天员随后将从神舟十五号载人飞船进入天和核心舱。神舟十四号航天员乘组已做好迎接神舟十五号航天员乘组进驻各项准备工作，这也是中国航天员首次在空间站迎接载人飞船来访。 搭载神舟十五号载人飞船的长征二号 F 遥十五运载火箭在酒泉卫星发射中心点火发射，3 名航天员踏上飞天圆梦之旅。这次「出差」他们将进行哪些任务？
https://www.zhihu.com/question/569322295	从销量上看，RTX 4080 有点失败，有统计显示发售以来的销量只有 RTX 4090 的大约 1/3.4，而且一直在下滑，溢价幅度也远不如 RTX 4090。 这种局面只能怪定价太高，比上一代 RTX 3080 贵了超过 70％，但是平均性能提升只有 30-50％。在国内，RTX 4080 有一些「丐版」型号确实卖着 9499 元的官方建议零售价，而在欧洲，「破发」已经出现了。 德国电商平台上，耕升的 RTX 4080 Phantom 版本的价格从 1539 欧元降到了 1449 欧元，低于建议零售价 1469 欧元。虽然只差区区 20 欧元，但这显然是个信号，更多「破发」可能就在路上。价格暴降 24％！销量扑街的 RTX4080 第一次破发了
https://www.zhihu.com/question/569325418	11 月 27 日，蔚来创始人李斌在东莞松山湖蔚来牛屋与用户进行了面对面谈话。有博主整理了比较重要的发言内容。李斌称，40 万以上纯电车，中国 100 个用户里面有 73 个用户选择了蔚来。之前有一位用户三年开了 45 万公里，蔚来收购回来做了质量测试，发现三年时间可以帮用户省出一辆 BBA。 李斌：蔚来手机在上海和深圳都有团队，进展比较顺利
https://www.zhihu.com/question/569327473	"据中国驻加拿大使馆网站消息，驻加拿大使馆发言人就加政府发布的「印太战略」涉华内容表明严正立场。 	11 月 27 日，加拿大政府发布「印太战略」，其涉华部分大肆对中国攻击抹黑，渲染所谓「中国威胁」，妄称要把中国政府和中国人民区别开来，并在涉台、涉疆、涉港、人权等问题上说三道四，粗暴干涉中国内政。中方对此表示强烈不满和坚决反对。我要强调以下几点： 	 第一，加方对中国内外政策的解读完全错误。中国坚持和平发展，倡导开放包容，践行合作共赢，始终是世界和平的建设者、全球发展的贡献者、国际秩序的维护者。加方自诩「清晰地理解」中国，实际上是在睁着眼说瞎话。必须指出，少数美西方国家长期公然违背以联合国宪章宗旨原则为基础的国际关系基本准则，动辄破坏以国际法为基础的国际秩序，肆意损害他国主权，对国际和平、安全、发展造成巨大破坏，他们才是「破坏性力量」，加方在其中扮演了不光彩的角色。 	 第二，加方对中国共产党领导地位的认知完全错误。中国共产党的领导地位是历史的选择，人民的选择。在中国共产党领导下，中国人权状况目前处于历史最好时期，国际社会对此有目共睹。试图把中国政府和中国人民区分开来是公然挑拨中国共产党和中国人民的血肉联系，暴露了加方对中国的无知，更暴露了加方的卑劣意图，其企图根本不会得逞。 	 第三，加方损害中方利益的行径完全错误。涉台、涉疆、涉港等问题纯属中国内政，不容任何外部势力干涉。中方坚决维护中国主权、安全、发展利益，在涉及国家主权和领土完整的问题上不会作任何妥协退让。少数西方国家在广大发展中国家头上颐指气使的日子早已一去不复返了。 	 第四，加方在亚太地区搞地缘对抗完全错误。和平、发展、合作、共赢的历史潮流不可阻挡。加方违背时代潮流，罔顾亚太地区人民期盼，执意追随个别国家搞「集团对抗」，以意识形态划线，推动「脱钩」「断链」。这必将遭到地区人民的唾弃。 	 中方敦促加方认清时代潮流和国际大势，摒弃冷战思维，停止破坏地区和平稳定、损害中方利益的行径，停止在涉华问题上搞政治操弄、干涉中国内政。如果加方自不量力，肆意妄为，必将遭到可耻失败，也必将遭到中方有力回击。加拿大发布「印太战略」大肆攻击抹黑中国，我使馆驳斥"
https://www.zhihu.com/question/569338395	据央视报道，11 月 25 日，河北省衡水市安平县「安平融媒」发布消息，学生家长王某在微信群内因孩子上网课与班主任发生争执，随后多次辱骂老师被行政拘留 10 日，罚款 500 元。 消息称，11 月 23 日，王某在家长微信群内与班主任就孩子上网课迟到问题产生争执。随后王某在微信群内连续发送带有侮辱人格字眼的语音，进行侮辱性攻击，对班主任身心及名誉造成损害，产生了恶劣的影响。 河北安平中学在其官方公众号转发了这条消息，称为维持学校正常教育教学秩序，维护广大教师的声誉，学校马上报警。 接到报案后，城关派出所迅速开展调查，将王某传唤至公安机关进行调查。经审查，王某承认其在家长微信群内辱骂老师的行为。依据《中华人民共和国治安管理处罚法》第四十二条第二项规定，王某因涉嫌公然侮辱他人被依法行政拘留 10 日，并处罚款 500 元整。 据红星新闻报道，文末还附有一则短视频，系违法行为人王某站在派出所门前接受采访时，对自己的辱骂行为表示道歉。 「对于我在微信群中侮辱老师的行为，我深刻意识到自己的错误，给老师和学校、社会造成了不良的影响，我在此真诚地向老师们和学校道歉，对不起。」王某说。家长辱骂班主任被拘十日，律师：若未被谅解，顶格处罚并无不当 _ 直击现场 _ 澎湃新闻 -The Paper
https://www.zhihu.com/question/569345773	作为迪士尼 100 周年系列活动的序幕，迪士尼动画电影嘉年华邀请周深演绎迪士尼动画挚爱 6 段耳熟能详的动画主题曲，通过焕然一新的编曲和演唱，首度汇聚为一曲《奇遇乐章》。周深和迪士尼合作曲包括 6 个： 1 、 Coco 的《remember me》寻梦环游记 2 、 Toy story 的《you‘ve got a friend in me》玩具总动员 3 、 Luca 的《夏日友晴天》夏日友晴天 4 、 Zootopia《try everything》疯狂动物城 5 、 Moana《how far I'll go》海洋奇缘 6 、 Frozen 的《let it go》冰雪奇缘 你最喜欢哪个片段？你听了这首合作曲有什么感受？
https://www.zhihu.com/question/569361122	《中华人民共和国反电信网络诈骗法》将于 2022 年 12 月 1 日起施行，为反电信网络诈骗工作提供有力的法律支撑。该法实施后可能会带来哪些影响？普法 | 12 月 1 日施行！《反电信网络诈骗法》将如何影响你的生活 _ 澎湃号·政务 _ 澎湃新闻 -The Paper
https://www.zhihu.com/question/569363411	有网友发布视频称，在兰州皋兰县拍到一团不明发光体。11 月 28 日上午，兰州市气象局一名工作人员告诉澎湃新闻，暂不能确定发光物体，当地气象无异常。兰州气象局回应网友拍到不明发光体：暂不明确，气象无异常 兰州气象局回应网友拍到不明发光体：暂不明确 _ 关键帧 _ 澎湃新闻 -The Paper
https://www.zhihu.com/question/569395435	气温过低，哪些食物能打动你，我，她呢？
https://www.zhihu.com/question/569398825	旅行答主挑战赛丨我的城市桃花源>>
https://www.zhihu.com/question/569398864	旅行答主挑战赛丨我的城市桃花源>>
https://www.zhihu.com/question/569399970	奶茶 火锅
https://www.zhihu.com/question/569406160	任务期间，两艘神舟载人飞船首次同时停靠空间站。神舟十五号停靠于天和核心舱前向端口，神舟十四号停靠于天和核心舱径向端口，两艘飞船同时与空间站进行信息代传、通风换热、并网供电等。乘组轮换期间，空间站将通过不同的对接总线代传两船遥测，确保两艘载人飞船信息传输的唯一性和正确性。空间站系统将同时向两艘载人飞船通风热支持，送风量根据两船不同热环境进行合理分配，且可根据需求进行分档调节。同时，针对两船同时停靠的情况制定了协调匹配的紧急撤离策略，全力确保航天员生命安全。向太空出发！神舟十五号载人飞行任务看点来了
https://www.zhihu.com/question/569413861	世界杯火热开赛，谁是你心中的冠军队伍？快去为你支持的球队助威吧！2022.11.18-12.18 世界杯期间，参与球队助威，即有机会瓜分盐粒奖池。助威次数越多，助威球队每场获胜后瓜分赢取的盐粒越多。每日达成任务成就还可获得额外创作分奖励，加速获得助威次数。点击下方链接，马上去助威吧！ 为你支持的球队助威，赢知乎盐粒>>> 世界杯小组赛，韩国男足发挥不佳，最终 2-3 负于加纳男足，连续 2 轮不胜导致球队积 1 分沦为小组垫底，小组出线彻底悬了。赛后，韩国主帅保罗 - 本托冲进球场炮轰主裁判，直接被红牌罚下，将无缘现场指挥对阵葡萄牙的比赛。
https://www.zhihu.com/question/569421596	针对网络上有信息称深圳市核子基因科技有限公司股东之一巴颖「为院士巴德年之女」一事，11 月 28 日晚间，中国工程院院士巴德年对新京报贝壳财经记者表示，网传信息为捏造信息，「除了姓和我一样以外，我与此巴颖没有任何血缘和社会关系，彼此是毫不相干、彻彻底底的陌路人。」 巴德年对新京报贝壳财经记者表示，自己从来没有听说过还有这样一个「女儿」,「我有两个女儿都是做医生的，一个是神经内科，一个是肿瘤内科，都是上海的医学院校毕业的，他们（网络上）说这个情况完全都是胡诌乱傍」。关于是否找律师维护自己的名誉权，巴德年表示，「一定会用法律维护自己的基本权利，没有的事就是没有，更重要的是还给广大群众事实，不让谣言得逞，我会进一步采取法律手段对造谣者追究法律责任。」 据中国医学科学院北京协和医学院官网介绍，巴德年为免疫学专家，1938 年 10 月生，吉林省四平市人，1994 年当选为中国工程院院士。新京报 - 好新闻，无止境
https://www.zhihu.com/question/569518037	爱尔兰数据保护委员会（DPC）当地时间 11 月 28 日表示，Facebook 的母公司 Meta 违反了欧盟《通用数据保护条例》的两项条款，被处以罚款 2.65 亿欧元。该机构称，2018-2019 年，世界各地有超过 5 亿 Facebook 用户的资料因漏洞而被泄露。这些数据去年出现在一个黑客网站上，促使爱尔兰数据保护委员会的调查。除罚款外，该机构还要求 Meta 公司在特定时间内「采取一系列特定的补救措施，使其处理过程符合爱尔兰的规定」。 Meta 公司在声明中表示，「我们在这段时间内对系统做了修改，包括取消了用电话号码搜刮用户数据的功能。」 自去年 9 月以来，爱尔兰数据保护委员会对 Meta 的罚款总额已累计近 10 亿欧元。今年 9 月，Meta 因旗下 Instagram 涉嫌不当处理儿童信息，被罚款 4.05 亿欧元。今年 3 月，Meta 同样因牵涉 5000 万用户的数据泄露被罚款 1700 万欧元。而去年 9 月，Meta 旗下的通讯软件 WhatsApp 因违反欧盟数据隐私法规被罚 2.25 亿欧元，爱尔兰数据保护委员会当时表示 WhatsApp 没有告知欧洲用户搜集他们数据的方式以及如何与母公司脸书共享数据。（界面新闻）
https://www.zhihu.com/question/569521159	11 月 28 日，个人养老金基金正式开售，养老第三支柱迈入实质性操作阶段。华安基金进一步透露，在开放申购首日的首批客户中，80 后以及 90 后的占比达到了 80% 以上；此前华安基金推出了个人养老金业务的预约通道，预约客户中，年龄在 25-40 岁的客户占比接近 50%。华安基金有关人士表示，此前公司积极开展了以「养老规划从现在开始」为主题的系列投教宣传及活动，呼吁年轻一代尽早重视养老规划，目前来看已初见成效。 投资者顶格申购 + 基金从业者积极自购 个人养老金基金开售首日好生热闹
https://www.zhihu.com/question/569522986	近日，浙江湖州，2 位外卖小哥上楼送餐，回来时发现放在楼下电动车里的外卖被偷，遂报警求助。民警查看监控视频后，锁定了一对夫妻，次日下午将 2 人抓获。经查，夫妻俩也是外卖员，2 人因工作至深夜还没吃饭，看到外卖萌生偷吃想法。2 人趁小哥上楼送餐时，将外卖拿走放在自己的车上。目前，2 人已被依法行政处罚，案件正在办理中。（西部决策 ）
https://www.zhihu.com/question/569523467	11 月 28 日美股盘前，拼多多（PDD. 股价 65.75 美元，市值 831.33 亿美元）发布了 2022 年 Q3 财报。 财报显示，拼多多三季度营收 355 亿元，同比增长 65.1%，高于市场预期的 309.4 亿元；季度净利润 105.9 亿元，且这是拼多多在连续的第六个季度维持了利润正增长。 对于远超市场预期的季度营收和利润，拼多多财务副总裁刘珺表示，本季度账面利润临时增加，部分项目的投入有所延迟，不能完整反映公司的实际生产经营情况。 与此同时，三季度，拼多多继续加大技术创新投入。在美国通用会计准则下，本季度研发费用同比增长 11.4%，达 27 亿元，创历史新高。
https://www.zhihu.com/question/569528710	2022 腾讯全球数字生态大会将于 2022 年 11 月 30 日 - 12 月 1 日正式举办，今年生态大会的主题是「数实创新 产业共进」，将围绕云计算、工业能源、智能制造等各个方向，来一起探讨数字生态、产品、技术等各方面的创新共赢，并分享腾讯在人工智能领域的最新研究成果、云计算前沿算力发展趋势与场景应用现状等等... 这次大会，你认为哪方面的技术最值得关注？有哪些技术让你眼前一亮？欢迎一起探讨。
https://www.zhihu.com/question/569530524	据路透社 11 月 28 日独家报道，一位匿名的美国官员透露，美国和俄罗斯军方在俄乌冲突爆发之初曾建立一条军事热线，到目前为止，这条热线已经被使用了一次，当时美国军方发起了通话，对俄罗斯在乌克兰的关键基础设施附近展开军事行动表示担忧。 报道称，这条军事热线连接着美国军方的欧洲司令部和俄罗斯国防管理中心。路透社是首个披露该热线被使用的媒体，此次使用超出了常规测试的范围。 美国军方的欧洲司令部，资料图 关于导致热线接通的具体事件，这位匿名官员没有详细说明，不过他表示早前 11 月 15 日波兰遭到两枚导弹攻击导致两人死亡的事件发生时，美俄双方并没有使用它。 路透社分析，尽管匿名官员拒绝透露具体哪些事件引起了美方的警觉，但是有一些公开报道的事件可能涉及乌克兰的关键基础设施，如俄罗斯针对乌克兰的扎波罗热核电站的行动，及乌克兰还担忧俄军可能会炸毁该国南部的新卡霍夫卡大坝，这可能会导致赫尔松地区被淹。 自俄乌冲突爆发以来，美俄的沟通一直备受关注，因为任何误判都可能导致核武国家间发生直接冲突。 报道指出，美国五角大楼早前 3 月曾宣布，设立这一条消除冲突的军事热线主要是为了避免在北约领空或地面发生任何无意的偶然的冲突。 美官员爆料：俄乌冲突期间，美方曾主动给俄方打过一次军事热线
https://www.zhihu.com/question/569537654	据环球网报道，「俄罗斯前总统称，美欧联盟正走向‘难堪的分手’。」「今日俄罗斯」（RT）电视台网站 28 日以此为题报道称，俄罗斯联邦安全会议副主席梅德韦杰夫当天在社交平台 Telegram 发文，这样评价了当前美欧关系。他表示，在美国这个「大男子主义者」明显的「经济欺骗」下，美国和欧盟之间的「婚姻」可能将结束。 「（美国）不打算分享他的收入。相反，他偷走了他上了年纪的伴侣最后的积蓄，毫无顾忌地把钱装进自己口袋，」梅德韦杰夫写道。他表示，美国政府逐渐增加自己国内商业环境对欧洲企业的吸引力，并鼓励其他国家购买他们的产品，但与此同时，欧洲商品市场正在萎缩，部分原因是欧洲决定与俄罗斯脱钩。 「你真的不能相信那些富有的赞助人。就像这样——欧洲的福利要没了!」梅德韦杰夫称，欧盟可以「与欺骗（他们）的... 伙伴分手，开始新的自由生活」，但他们很可能没有足够的决心和「睾丸激素」去做这件事。RT 称，作为对「政治正确」的认可，梅德韦杰夫拒绝在自己的这番比喻中界定当事角色的性别。 梅德韦杰夫发表这一评论之际，RT 称，多家媒体报道欧盟国家对美国在俄乌危机中的机会主义行为感到越来越愤怒，欧盟的公开声明和西方媒体的报道都反映了美欧之间日益加深的裂痕。 据美国政治新闻网此前报道，多名欧盟高级官员对美国政府感到愤怒，他们指责美国在俄乌冲突期间大发横财，而欧盟国家却在冲突中「失血」。报道指出，欧盟因俄乌冲突而通胀飙升，经济濒于衰退边缘。欧盟各国减少对俄罗斯能源依赖转向美国寻求天然气供应，代价却是四倍于美国国内价格的支出。另外，随着欧洲国家援助乌克兰武器，致使本身武器短缺，美国军用装备订单可能会随之增加。报道还提到，更让欧洲陷入集体焦灼的是，美国的《通胀削减法案》，法国总统马克龙认为该法案不符合世界贸易组织的规则，对欧洲国家是「不友好」的。美国政治新闻网引述欧盟官员的话称，数周以来最大的胶着之处在于，这些不公平的做法将威胁欧洲工业的生存。 俄媒：梅德韦杰夫称，美国和欧盟正走向「难堪的分手」
https://www.zhihu.com/question/569538578	当地时间 11 月 28 日，美国华盛顿特区地方法院法官埃米特·沙利文表示，美国前总统特朗普在 2020 年大选期间的政治行为不受「绝对豁免权」保护。 据悉，美国民权组织此前起诉特朗普试图剥夺选民的选举权。但特朗普的律师辩称，由于总统职位受豁免权保护，特朗普不会在民事诉讼中承担责任。更多资讯请下载央视新闻客户端
https://www.zhihu.com/question/569540417	11 月 29 日，稷夏全国综合竞争力百强县 (市，区) 等榜单发布。数据显示，GDP 超千亿县 (市) 增至 42 个，分布 11 省份。上观新闻 - 站上海，观天下
https://www.zhihu.com/question/569540695	数千名俄罗斯人穿越美国南部边境寻求庇护，许多人最终却被关进了移民监狱。”美国《纽约时报》11 月 28 日撰文披露，自俄乌冲突爆发后，不少打着「反战」口号的俄罗斯人试图通过墨西哥进入美国，寻找所谓的「自由」。他们本以为自己会受到美国人的欢迎，但事与愿违的是，由于难以证明自己的确受到「迫害」，数千名俄罗斯人被关押进了拘留中心，「被当成垃圾一样对待」，无助和失望溢于言表。 《纽约时报》：迎接俄罗斯反战人士的不是自由，而是拘留 俄乌冲突爆发伊始，俄罗斯人玛利亚·谢米蒂娜（Maria Shemiatina）和她的丈夫鲍里斯·舍夫丘克（Boris Shevchuk）在社交平台上发文声称，「俄罗斯人要看到真相，不要相信俄媒体的谎言」。以「反战」为名多次发帖后，这对夫妇的社交平台账户被屏蔽，而他们也决定「逃」到美国。 4 月中旬抵达墨西哥后，夫妇俩驱车抵达美国的一处入境口岸，他们满怀憧憬地期待着「第一次品尝自由的滋味」，但俩人很快被带上手铐和脚镣，被押往路易斯安那州偏远的移民拘留中心。 「当我们离开俄罗斯时，我以为我们的苦难就结束了。」28 岁的舍夫丘克在拘留中心接受采访时说，「我觉得很无助。」 舍甫丘克回忆，在转移过程中，一名警卫给他们戴上了手铐，并将他撞倒在地，导致他的头部撞在水泥地板上受伤，鼻子流血。 「这一切都太毫无意义了。」舍夫丘克当时在接受《纽约时报》采访时面色苍白，神情沮丧。 就像舍夫丘克夫妇一样，很多来到美国的俄罗斯人本以为自己会受到欢迎，被视作美国和俄罗斯的民主盟友，但现实却是残酷的。 另一对俄罗斯夫妇奥尔加·尼基蒂娜（Olga Nikitina）和丈夫同样离开俄罗斯，他们已经被关押在监狱里 5 个月了。 「在监狱里的整个期间，他们都把我们当垃圾对待！」33 岁的尼基蒂娜说，「我打了（投诉）热线，但一点用都没有。」 还有不少来自俄罗斯寻求庇护的人说，他们被美国人关押后一直受到看守的摆布，监狱对他们漠不关心，有时还会敌视他们。 《纽约时报》称，一些俄罗斯的反政府人士早在俄乌冲突爆发前，就开始大量离境前往美国寻求庇护。冲突的爆发助推了这种趋势，入境的俄罗斯人数量创下近年来的新高。在 2020 财年，仅有 467 名俄罗斯人试图从美国南部入境，但在 2022 财年，这一数字已经上升到了 21763 人——仅在今年 10 月，就有 3879 人。 由于缺乏能够证明自己受到「迫害」的证据，成千上万名寻求庇护者被押往拘留中心。在那里，这些人更难申请到律师以及搜集证据，获得庇护的机会极其渺茫。 25 岁的俄罗斯人伊万·索科洛夫斯基（Ivan Sokolovski）已被关在得州边境监狱 7 个月之久，最近他的庇护申请再度遭到否决。 「哪怕在边境被击毙，也比被关在监狱里这么久更人道。」索科洛夫斯基说。
https://www.zhihu.com/question/569543654	11 月 26 日在第七届复旦首席经济学家论坛上，上海财经大学校长刘元春表示，我国有 40 万博士生像乞丐一样在做研究工作，他们每月收入仅 3000 多元，建议增加 10 万块钱，使他们每个月收入达到 1 万块钱，这样可以把博士生培养成顶级人才，同时也能正常支付。「上海财大校长呼吁增加博士生补贴，上财校长称博士生像乞丐一样在研究」11 月 26 日在第七届复旦首席经济学家论坛上，上海财经大学校长刘元春表示，我国有 40 万博士生像乞丐一样在做研究工作，他们每月收入仅 3000 多元，建议增加 10 万块钱，使他们每个月收入达到 1 万块钱，这样可以把博士生培养成顶级人才，同时也能正常支付。老板联播
https://www.zhihu.com/question/569549095	2022 上海全球资产管理高峰论坛上，国泰君安证券股份有限公司党委书记、董事长贺青表示，目前我国积累的养老金占 GDP 比重约为 10%，而欧美多数发达国家达到 90% 及以上，我国城镇职工养老金替代率目前为 40%，较《全球社会保障公约》55% 的最低标准还有不少差距。未来五到十年，我国养老金缺口预计达到 8-10 万亿元。 2021 年末，我国养老金总规模 11 万亿元，其中第一和第二支柱占比分别达到 58% 和 40%，与美国第三支柱占养老金资产近四成的结构相比还有很大的差异，我们只有 2% 左右。就在上一周，个人养老金制度已经在 36 个先行城市正式启动，养老金第三支柱建设已催马加鞭。
https://www.zhihu.com/question/569552025	财联社 11 月 29 日讯，美东时间周一，推特 CEO 埃隆·马斯克发了一连串推特炮轰苹果。他不仅爆料苹果威胁要将推特应用从应用商店中移除，还炮轰苹果威胁言论自由，甚至发起投票要求苹果公布其审查措施。 尽管马斯克长期以来都和苹果不太对付，但这次他这一连串措辞激进的行动，或许表明他已经准备好，正式与苹果打响一场旷日持久的公关战。 马斯克猛烈炮轰苹果公司 美东时间周一，马斯克在推特上对苹果公司发起了一系列「言论攻势」。 他先是在推特上提到，「苹果已经基本上停止从推特上投放广告，他们讨厌美国的言论自由吗？」 紧接着他又 @苹果 CEO 蒂姆·库克追问「究竟怎么回事？」 随后他又转发了多条关于苹果公司言论审查、垄断以及收取「30% 秘密税」的推特，并且发起投票「苹果是否应该公布所有影响客户的审查行动」，而调查结果显示超过八成推特用户选择了「是」。 马斯克还转发了关于一条关于苹果公司政治立场的推特，这条推特提到：「苹果公司 97.5% 的捐款都捐给了民主党，而推特允许言论自由有违党派利益，因此苹果必须扮演执法者的角色」，接着马斯克嘲讽道「哇哦，他们（苹果）看起来一点也不偏颇呢」。马斯克 VS 苹果！多条推文炮轰点燃战火 巨头战争或将打响 马斯克炮轰苹果：停止在推特投放广告，还威胁要下架 App_ 一级视场 _ 澎湃新闻 -The Paper
https://www.zhihu.com/question/569554766	世界杯火热开赛，谁是你心中的冠军队伍？快去为你支持的球队助威吧！2022.11.18-12.18 世界杯期间，参与球队助威，即有机会瓜分盐粒奖池。助威次数越多，助威球队每场获胜后瓜分赢取的盐粒越多。每日达成任务成就还可获得额外创作分奖励，加速获得助威次数。点击下方链接，马上去助威吧>>> 为你支持的球队助威，赢知乎盐粒
https://www.zhihu.com/question/569557902	据国家卫健委官网消息，近期，各地坚持以 60 岁以上老年人为重点，进一步压实属地责任，加大组织和社会动员力度，努力提升新冠病毒疫苗接种率。60 岁以上人群疫苗第一剂接种率已超过 90%，但还需要继续做好 60-79 岁，特别是 80 岁以上人群全程接种和加强免疫工作。为贯彻落实国务院联防联控机制部署要求，发挥新冠病毒疫苗的保护作用，降低老年人感染新冠病毒后发生重症、危重症和死亡的风险，进一步加快推进老年人新冠病毒疫苗接种工作，特制定本工作方案。 国家卫健委：加快提升 80 岁以上人群接种率
https://www.zhihu.com/question/569559022	中国载人航天工程新闻发言人、中国载人航天工程办公室主任助理季启明在 11 月 28 日的神舟十五号载人飞行任务新闻发布会上表示，我们已经具备开展载人月球探测工程实施的条件，中国人九天揽月的梦想将在不远的将来成为现实。 月球是人类拓展和开发利用地外空间的理想基地和前哨站，月球探测也一直是当今世界载人航天发展的热点和焦点。 季启明表示，中国载人航天探索的脚步不会只停留在近地轨道，一定会飞得更稳、更远。按照我国政府批准的发展战略，我们已经完成了载人月球探测关键技术攻关和方案深化论证。通过前一阶段的工作，突破了新一代载人飞船、新一代载人运载火箭、月面着陆器、登月服等关键技术，形成了具有中国特色的载人登月任务实施方案。这些工作为载人月球探测工程奠定了坚实的基础，我们已经具备开展工程实施的条件。载人月球探测，我国已具备实施条件！ 来源｜新华社
https://www.zhihu.com/question/569559663	国家卫健委发言人米锋在 11 月 29 日国务院联防联控机制新闻发布会上表示，当前，各地正在抓实抓细做好疫情防控。要根据检测、流调结果做好风险研判，精准判定风险区域。封控管理要快封快解、应解尽解，减少因疫情给群众带来的不便；要科学分类收治阳性感染者，妥善做好儿童、老年人和有基础性疾病患者的收治、照护，促进患者早日康复；要持续整治层层加码，对群众的合理诉求及时回应和解决；要加快推进新冠病毒疫苗接种，特别是老年人接种。希望老年朋友们积极、尽快完成疫苗接种，保护自身和家人健康。更多资讯请下载央视新闻客户端
https://www.zhihu.com/question/569562610	世界杯火热开赛，谁是你心中的冠军队伍？快去为你支持的球队助威吧！2022.11.18-12.18 世界杯期间，参与球队助威，即有机会瓜分盐粒奖池。助威次数越多，助威球队每场获胜后瓜分赢取的盐粒越多。每日达成任务成就还可获得额外创作分奖励，加速获得助威次数。点击下方链接，马上去助威吧>>> 为你支持的球队助威，赢知乎盐粒
https://www.zhihu.com/question/569563745	【国家卫健委：持续加大对核酸检测机构监管力度】卫健委回应部分地区尝试居民核酸自采：从各地处置的数百起聚集性疫情实践来看，核酸检测起到了早发现阳性的作用。目前，各地疫情形势严峻复杂，核酸检测任务重，居民自采核酸是一种新的探索，但应注意规范性、有效性和安全性。 对于常规核酸检测，我们严格检测资质准入和质量控制，不断优化技术规范，重点加强检测机构的监管。下一步，将持续加大监管力度，对于出具虚假检测报告等行为，坚决依法依规严肃处理，决不姑息。人民日报 - 有品质的新闻
https://www.zhihu.com/question/569568495	据共同社，关于拥有在对方国家疆域内阻止导弹发射的反击能力（对敌基地攻击能力），日本首相岸田文雄 11 月 29 日在众院预算委员会会议上说：「归根结底基本的想法是提升威慑力、进一步降低遭受导弹等攻击的可能性。」他还表示，政府推进的防卫力建设有助于强化外交能力。立宪民主党议员末松义规对反击可能导致事态激化表达担忧称：「日本一旦反击，将遭到 5 倍、 10 倍的报复。」 众院预算委员会就 2022 年度第二次补充预算案进行了集中审议。预计补充预算案将在下午的预算委员会和众院全体会议上凭借执政党多数赞成在众院获得通过。 岸田文雄强调：「若拥有坚实的防卫力，将为外交努力增加说服力，成为外交努力的支撑。」他说：「不仅仅是进一步提高导弹拦截能力，正在不排除任何选项进行现实性的讨论。」日本首相岸田文雄：拥有反击能力将有助于强化外交 | 界面新闻（界面新闻）
https://www.zhihu.com/question/569577728	新能源时代，车企的智能研发实力成为车企的硬实力之一。汽车制造本身都是以成熟车企的工厂生产，但是核心研发包括部分硬件及软件都是有自己的平台。这些新能源品牌的各种技术实力到底如何？哪吒平台发布的「浩智」技术水准怎样呢？欢迎大家讨论~
https://www.zhihu.com/question/569579592	人与动物在同一个星球上同生共存，相互依存也相互敬畏。一些小型动物也融入到人类日常的生活中，但是一些大型动物离我们的生活还是有一些距离，可能只会在一些旅途中或是特殊场景里才能见到。本期「知无不言」邀你分享你有哪些和大型动物接触的经历？本提问是由知乎城市 - 西安×@931 方言开设的新栏目「知无不言」共同发起。每周五 17:00-19:00 打开 FM93.1 西安音乐广播即可收听，在知乎搜索「931」还可浏览更多精彩话题。 活动规则详情见链接：推迟通知：感谢亲爱的知友对本期「知无不言」的关注。拟于 2022 年 12 月 2 日周五 17:00-19:00 FM93.1 西安音乐广播栏目「知无不言」，将推迟至 2022 年 12 月 9 日，感谢您的关注！
https://www.zhihu.com/question/569580830	11 月 29 日上午，美海军「钱斯洛斯维尔」号导弹巡洋舰非法擅闯我南沙岛礁邻近海域，中国人民解放军南部战区新闻发言人田军里空军大校发表谈话强烈谴责（详见报道：南部战区新闻发言人就美舰擅闯中国南沙岛礁邻近海域发表谈话）。美国海军第七舰队还进行狡辩。——编者请看现场图片 ▲中国人民解放军南部战区官兵观察驱离美「钱斯洛斯维尔」号 ▲美「钱斯洛斯维尔」号闯入我岛礁邻近海域 ▲美「钱斯洛斯维尔」号故意冲闯我岛礁邻近海域航迹示意图 南部战区权威发布 现场直击：美舰锐角拐弯 蓄意冲闯
https://www.zhihu.com/question/569580914	香港《东方时报》11 月 26 日发表题为《笔下风云：西方虚伪 乌国陪葬》的文章。全文摘编如下： 西方跟风美国制裁俄罗斯，当中尤以英国跟着美国跳得最欢。据当地媒体报道，英政府声称要禁止进口俄罗斯石油，却把大批运抵英国的俄罗斯石油登记为「从其他国家进口」，包括爱沙尼亚、波兰等，这让俄罗斯石油可以源源不绝输入英国。讲一套做一套，虚伪至极。 当然，偷鸡摸狗的行径绝非只有英国一个国家，美国更是双标佼佼者，不断通过土耳其大举囤积俄罗斯石油。欧洲研究中心表示，土耳其购入的俄罗斯石油数量在不断攀升，与此同时，其出口美国与欧盟成员国的石油产品也在不断增加，土耳其正成为美国与欧盟购买俄罗斯石油的新渠道。 欧盟早前还信誓旦旦宣布，从今年 12 月 5 日起禁止进口俄罗斯原油，并将从明年 2 月 5 日起禁止进口俄罗斯石油产品；今年 9 月，七国集团（G7）财长又达成协议，成员国将从今年 12 月 5 日起对俄原油实施限价，并于 2023 年 2 月 5 日起对俄精炼石油产品限价。如今，兜个圈却仍是要大举购入俄油。 更不得了的是，美媒指出，华盛顿正私下要求美国大银行与部分有战略意义的俄罗斯企业保持业务往来。 当然，欧洲不买俄油还能怎么过冬？事实上，欧洲已经逐渐看穿了美国的把戏，意欲透过俄乌冲突，既肢解俄罗斯，又掏空欧洲。这也是德法渐渐趋于外交自主、跟中国愈靠愈近的原因。整个西方世界各怀鬼胎，各打各的算盘，可怜乌克兰整个国家一起陪葬，乌克兰人的命运注定悲惨。港媒：西方虚伪双标，乌克兰命运悲惨 _ 参考消息网
https://www.zhihu.com/question/569584071	2022 年 12 月 1 日是第 35 个世界艾滋病日。人类与艾滋病的斗争已持续 40 余年，随着医疗技术的发展和宣传教育，艾滋病传播的三个途径已获得社会的广泛认知。中国疾病预防控制中心性病艾滋病预防控制中心教育部全国学校预防艾滋病教育专家组在《青年学生预防艾滋病宣传教育核心信息》中指出「发生易感染艾滋病危险行为后，必要时可采取药物阻断，减少艾滋病病毒感染的风险」将暴露后预防也纳入了艾滋病的预防知识。 使用消毒不严格的被艾滋病病毒污染的工具纹眉、打耳洞、拔牙等也有造成艾滋病传播的可能；不能通过外表判断一个人是否感染了艾滋病病毒；艾滋病感染者可以生下健康的宝宝…在传播三途径之外，关于防治艾滋还有哪些知识盲区是我们不知道的？ 世界艾滋病日：青春有爱，青年无「艾」
https://www.zhihu.com/question/569585212	@米卢：从里皮到李铁，无论是土帅还是世界名帅都没能带领国足打入世界杯，原因是什么？什么样的教练适合中国足球？ 选帅，选帅，选帅，在中国谈到足球，国家队主教练永远是最吸引眼球的话题。作为从业几十年的职业教练，我当然觉得一支球队的主帅极其重要，重要程度胜过战场上的将军，我在世界杯上连续创造的奇迹，也足以证明这一点。但是，如果一个国家的足球大环境和足球管理者把太多精力放在这里，恕我直言，那么什么样的教练都救不了中国足球。 米卢：本土教练不适合做中国队主帅 这个职位足以把人摧毁 很多人说，米卢你是幸运的，你带领的那批中国球员，回头去看，属于中国足球的黄金一代。那一批球员，我确实非常喜欢。他们中的大多数，以范志毅、杨晨为代表，既接受了系统的青训体系的磨练和选拔，又赶上了职业化足球的更激烈的赛场竞争，甚至有机会在海外踢球，眼界、信心和意识都得到提升，而球队中的新生力量，以健力宝队为基础成长起来，那是很特殊的培养模式，在当时的条件下，确实为中国足球提供了新鲜血液。 第一次冲击世界杯成功，带给中国人那么巨大的欢乐，2001 年的五里河球场美好得如同梦幻。可是仔细想想，有多少中国人在日常享受着足球，尤其是踢球的快乐？ 中国足球人口的比例，低得可怜，又缺乏系统的青训培养体系，我很清楚，这不能完全怪到足协头上，不过，足球注定不是急功近利的事情，抓基础在中国有多难，恰恰也意味着它有多重要。 金字塔的根基都无从谈起呢，无论管理者还是球迷，都盯着塔尖盼望奇迹，这不是很荒诞么？我真心觉得——这还是我第一次表达这个观点——中国本土教练不适合做国家队的主帅，至少现阶段是这样，这与能力毫无关系，只是因为，本土教练要承受的压力和受到的干预，比我这种洋教练大得多的多。连我这种老江湖，一度都感到吃不消，何况他们？这是一个足以把人摧毁的职位。 世界杯开始前，我有幸回到中国，见到了我那一届国家队的多数球员，他们很怀念当年的激情与风光，也很感慨如今的足球环境。 现在的中国足球，还没有从漫长的青黄不接的阶段走出来。最近几届冲击世界杯的中国国家队，在亚洲的竞争力，是明显弱于我那个年代的。 世界杯火热开赛，谁是你心中的冠军队伍？快去为你支持的球队助威吧！2022.11.18-12.18 世界杯期间，参与球队助威，即有机会瓜分盐粒奖池。助威次数越多，助威球队每场获胜后瓜分赢取的盐粒越多。每日达成任务成就还可获得额外创作分奖励，加速获得助威次数。点击下方链接，马上去助威吧>>>
https://www.zhihu.com/question/569589901	记者昨天（11 月 29 日）从中国民航局获悉，C919 飞机已完成飞行标准化委员会型别等级训练规范测试，包括中国商飞客服中心飞行教员在内的 15 名飞行员取得 C919 飞机型别资质，这标志着 C919 飞机即将交付运行。更多资讯请下载央视新闻客户端
https://www.zhihu.com/question/569592201	11 月 28 日晚，公众号「星球商业评论」的一篇文章称，柳州市是全国少有的不做大规模核酸，只在医院做核酸的城市，三年来确诊数仅有 24 例，网友调侃称这是一座「病毒绕着走的城市」，相关话题引发大量讨论，很快登上微博热搜。 11 月 29 日，时代财经致电柳州市卫生健康委员会，相关工作人员称「一直以来柳州市的疫情属于比较平稳的状态，没有做过比较大规模的全员核酸筛查。」针对核酸检测点的设立，该工作人员称「我们公布出来的面向老百姓的核酸检测点，都是以医院和社区卫生院为主的。」 上述工作人员同时表示，「我们柳州的无症状感染者基本是外来输入，我们会跟踪外地来柳州的无症状感染者，他所路过的任何一个城区或县区，我们都呼吁医院来进行排查。但没有那种大规模的全员核酸，因为我们知道病源在哪，就会针对性、点对点地去进行排查。」 时代财经查询发现，据国家政务服务平台，目前广西柳州全域无风险地区，据百度新冠疫情实时大数据报告，自 2020 年疫情以来，除无症状感染者外，柳州市累计确诊病例为 24 例。柳州卫健委回应「病毒绕着走」：没有做过较大规模的全员核酸 来源：时代财经
https://www.zhihu.com/question/569596366	德国在寻找俄罗斯天然气的替代供应来源上有了新突破。当地时间 11 月 29 日，卡塔尔能源公司与能源巨头康菲 (COP，股价 123.84 美元，市值 1543.13 亿美元）签订购销合约，卡塔尔将从 2026 年起向德国供应液化天然气（LNG），每年供应量为 200 万吨，供应时间为至少 15 年。 「这是首个向德国供应 LNG 的长期合约，供应时间至少为 15 年，因此可以帮助德国构建长期的能源安全，」卡塔尔能源部长，同时也是卡塔尔能源公司总裁兼 CEO 的 Saad al Kaabi 在发布会上表示。 据德国媒体报道，德国每年的天然气消费量为 1000 亿立方米左右，其中约有一半由俄罗斯供应。本次合约的 LNG 年供应量约等于 27 亿立方米。 据悉，美资公司康菲在卡塔尔的合资企业将买下 LNG 供应，通过海运送至德国北部正在建设的接收终端。每年 200 万吨，供应至少 15 年，德国拿下首个卡塔尔天然气长期合约 | 每经网
https://www.zhihu.com/question/569601624	十一人山东省共计发行专项债 150 亿余元，用于永久性方舱医院和隔离点建设，近九成项目年内完成主体建筑文 | 陈汐 郑慧 刘建中 2022 年 5 月 16 日，国家卫生健康委党组书记、主任马晓伟的署名文章指出，提前规划永久性方舱医院、集中隔离点，确保一旦发生疫情迅速启用。奥密克戎流行，新冠感染人数持续增加。与临时隔离点相比，永久性方舱医院布局更合理、配套更完善、就寝环境更优，医疗护理更专业。综合卫健委等各方面分析和看法，永久性方舱医院、集中隔离点已成为疫情防控中不可或缺的一环。为了平衡疫情防控和经济发展，更应增设适当数量的永久性方舱医院。病患高峰之下，与原有医疗资源独立的永久性方舱医院和隔离点可以避免交叉感染，避免医疗资源挤兑，提升医疗体验和效果。在 2022 年第 16 至 21 期的山东省政府专项债券报告中，我们找到了 119 份与方舱医院、隔离点相关的专项债券实施方案。这 119 份方案是除青岛市之外的山东省辖 15 个地级市的 119 个方舱医院、隔离点项目的具体实施方案。十五个地级市为济南市、淄博市、枣庄市、东营市、烟台市、潍坊市、济宁市、泰安市、威海市、日照市、滨州市、德州市、聊城市、临沂市、菏泽市。统计数据显示，这十五个地级市以及下辖地区共投资超过 230 亿元，建设 119 个方舱医院、隔离点，新增床位超过 20 万个（虽然表 1 中数据为 19.94，但是此数据比较保守。很多项目只公布了隔离间数量，我们是按照一个隔离间一个床位计数，实际上有一个隔离间两个床位的情况）。山东拟投资超 230 亿元建方舱医院，新增隔离床位超 20 万个
https://www.zhihu.com/question/569604079	乌克兰基辅拉响防空警报 当地时间 11 月 29 日，乌克兰基辅拉响防空警报。（央视新闻）乌克兰基辅拉响防空警报 乌克兰基辅一周来首日实现无紧急断电的轮流限电 乌克兰电力公司当地时间 11 月 29 日表示，首都基辅市自 11 月 23 日以来首日实现无紧急断电的轮流限电。 该公司称，维修人员正在尽力确保每个用电区域每次停电时间不超过 4 小时。（央视新闻）乌克兰基辅一周来首日实现无紧急断电的轮流限电俄美未能就启动《新削减战略武器条约》谈判达成一致，这意味着什么？
https://www.zhihu.com/question/569604945	在 Neuralink 此前发布的活动预告视频中，「please join us for show and tell」的字母逐个打出。多家外媒指出，这或许暗示着在「意念打字」方面，Neuralink 已取得进展。 而回顾 Neuralink 过往历程，每年该公司都至少公布一个关键发展节点：2019 年 7 月：马斯克创办 Neuralink，并介绍公司原型产品 N1 传感器； 2020 年 8 月：Neuralink 通过基于活猪的大脑接口实验，演示肢体追踪功能； 2021 年 4 月：Neuralink 演示猴子凭借意念完成乒乓球游戏； 2021 年 7 月：Neuralink 获得 2.05 亿美元 C 轮融资。 值得一提的是，《自然》杂志去年发布的文章显示，已有研究团队研发出「意念打字」技术，甚至可以称作「意念写字」技术——当时，该团队通过脑机接口技术，将受试者脑中想象的「笔迹」转为屏幕文本，准确率超 99%，且字符输入速度可达每分钟 90 个。 此外，近一周多以来，我国脑机接口也传出多个消息： 我国首个脑机接口综合性开源软件平台 MetaBCI 日前正式发布。该平台填补了我国通用脑机接口领域面向开源生态自主研发软件的空白，也为脑机接口技术的跨团队协作创新提供了一个基础开放平台。 11 月 25 日，华为、天津大学公开脑机接口专利「人机交互方法、人机交互装置及存储介质」。专利摘要显示，本申请提供方法为，显示的人机界面中包括可操作对象和视觉刺激区域；对该可操作对象执行操作命令，操作命令根据用户注视产生的脑电信号确定。该用户注视该多个区域中不同的区域产生不同的脑电信号，可指示执行与该可操作对象相关的不同的操作命令。本申请能够使得用户无需直视视觉刺激且快速下发不同的操作命令。 中国信通院也发布了《脑机接口总体愿景与关键技术研究报告（2022 年）》，针对脑机接口领域，全球首次从愿景、需求、场景、技术、系统衡量指标几个维度开展研究。 从概念上来说，脑机接口是在大脑与外部环境之间，建立一种全新的、不依赖于外周神经和肌肉的交流与控制通道，可实现人（或其他动物）大脑与外部设备的双向直接交互。 脑机接口被看作“ 实际上，前者短期希望用自家技术帮助瘫痪及神经系统疾病患者，长期意在降低人工智能对人类的风险； 除了医疗健康之外，元宇宙、购物甚至军事等领域的脑机接口技术应用，也是研究机构与海外多国政府在探索的领域。海内外脑机接口领域捷报频传 马斯克「意念打字」技术或明日亮相
https://www.zhihu.com/question/569606087	北京时间 11 月 29 日晚上 23:00，世界杯 A 组第 3 轮，荷兰对阵卡塔尔。上半场，加克波破僵。下半场，F- 德容补射破门，文森特 - 延森进球被吹，博古伊斯弧线球中框。全场结束，荷兰 2-0 卡塔尔，以小组第一身份晋级淘汰赛。 世界杯火热开赛，谁是你心中的冠军队伍？快去为你支持的球队助威吧！2022.11.18-12.18 世界杯期间，参与球队助威，即有机会瓜分盐粒奖池。助威次数越多，助威球队每场获胜后瓜分赢取的盐粒越多。每日达成任务成就还可获得额外创作分奖励，加速获得助威次数。点击下方链接，马上去助威吧>>> 为你支持的球队助威，赢知乎盐粒
https://www.zhihu.com/question/569606212	北京时间 11 月 30 日凌晨 3 点整，2022 年世界杯小组赛 B 组第 3 轮展开角逐，威尔士对阵英格兰。上半场拉什福德失单刀，下半场拉什福德任意球破门，随后再入一球完成梅开二度，福登建功。最终英格兰 3-0 完胜威尔士，B 组积分榜方面，英格兰 3 轮不败积 7 分头名出线，威尔士积 1 分垫底出局。 世界杯火热开赛，谁是你心中的冠军队伍？快去为你支持的球队助威吧！2022.11.18-12.18 世界杯期间，参与球队助威，即有机会瓜分盐粒奖池。助威次数越多，助威球队每场获胜后瓜分赢取的盐粒越多。每日达成任务成就还可获得额外创作分奖励，加速获得助威次数。点击下方链接，马上去助威吧！ 为你支持的球队助威，赢知乎盐粒>>>
https://www.zhihu.com/question/569606338	北京时间 11 月 30 日凌晨 3 时，世界杯小组赛 B 组第 3 轮，伊朗对阵美国。上半场，德斯特助攻普利西奇破门。美国半场 1-0 领先伊朗。下半场双方均无建树，替补登场的古多斯连续错失破门良机。最终美国 1-0 击败伊朗，排名小组第二晋级 16 强，美国将对阵荷兰队。 世界杯火热开赛，谁是你心中的冠军队伍？快去为你支持的球队助威吧！2022.11.18-12.18 世界杯期间，参与球队助威，即有机会瓜分盐粒奖池。助威次数越多，助威球队每场获胜后瓜分赢取的盐粒越多。每日达成任务成就还可获得额外创作分奖励，加速获得助威次数。点击下方链接，马上去助威吧！ 为你支持的球队助威，赢知乎盐粒>>>
https://www.zhihu.com/question/569614379	张核子是谁？张姗姗和他究竟是什么关系？ 围绕近期卷入风口浪尖的深圳市核子基因科技有限公司实控人张核子，11 月 29 日，澎湃新闻联系到与张核子有长期交往的一名知情人吴易（化名），试图解开这个检测行业神秘人物的背景。 在吴易的记忆里，张核子来自湖南永州，大学毕业后进入深圳公安局，不久就离开了。从深圳公安局离职后，张核子涉足的第一个行业是装修。 在一篇被媒体广为引用的企业宣传文章中，张核子为中国医科大学法医物证学硕士、遗传学硕士。1990 年，张核子考入中国医科大学，毕业后深圳市公安局以高新技术人才引进到深圳市公安局工作，筹办中国最早的 DNA 鉴定中心。（张核子）而后离开公安局，自主创业成立深圳市红石别墅装饰公司。 新人初入一个全新行业，而且是利润较高的那部分业务。吴易说，没有政商资源肯定不行，「他在这里赚到了第一桶金，大约两三百万吧。」 上述核子基因集团公众号文章称，（张核子）2012 年成立深圳市核子基因科技有限公司（简称核子基因），致力于成为全国最大的基因检测销售平台。 吴易说，检测领域里的亲子关系鉴定是暴利行业，至少在深圳是这样。「在深圳做亲子鉴定，一般市场价是 3000 元上下，而实际成本不到 100 元。」（澎湃新闻）独家｜知情人谈张核子和核酸生意：深圳坐拥带停机坪别墅，张姗姗是谁？_10% 公司 _ 澎湃新闻 -The Paper
https://www.zhihu.com/question/569641416	卡塔尔是本届世界杯东道主，然而在三场小组赛中，卡塔尔全部输球，分别 0-2 不敌厄瓜多尔、 1-3 负于塞内加尔、 0-2 输给荷兰。 世界杯历史上，卡塔尔是首支小组赛全败出局的东道主球队。另外卡塔尔也是世界杯第二支小组被淘汰的东道主，第一支是 2010 年的南非。 世界杯火热开赛，谁是你心中的冠军队伍？快去为你支持的球队助威吧！2022.11.18-12.18 世界杯期间，参与球队助威，即有机会瓜分盐粒奖池。助威次数越多，助威球队每场获胜后瓜分赢取的盐粒越多。每日达成任务成就还可获得额外创作分奖励，加速获得助威次数。点击下方链接，马上去助威吧>>> 为你支持的球队助威，赢知乎盐粒
https://www.zhihu.com/question/569713992	世界杯火热开赛，谁是你心中的冠军队伍？快去为你支持的球队助威吧！2022.11.18-12.18 世界杯期间，参与球队助威，即有机会瓜分盐粒奖池。助威次数越多，助威球队每场获胜后瓜分赢取的盐粒越多。每日达成任务成就还可获得额外创作分奖励，加速获得助威次数。点击下方链接，马上去助威吧！ 为你支持的球队助威，赢知乎盐粒>>> 伊朗队 0-1 不敌美国，无缘出线。 30 日凌晨，随着世界杯 A 组和 B 组最后一轮结束，世界杯 16 强有两组对阵确定。 在荷兰 2-0 卡塔尔，塞内加尔 2-1 厄瓜多尔后，荷兰小组第一出线，塞内加尔小组第二。 随后英格兰 3-0 击败威尔士，美国 1-0 伊朗，英格兰锁定小组第一，美国小组第二。 已确定世界杯 1/8 决赛（北京时间）： 12 月 3 日 23 点 荷兰 VS 美国 12 月 5 日 3 点 英格兰 VS 塞内加尔世界杯 16 强对阵：荷兰迎战美国，英格兰 VS 塞内加尔 _ 世界杯 _ 澎湃新闻 -The Paper
https://www.zhihu.com/question/569715628	世界杯火热开赛，谁是你心中的冠军队伍？快去为你支持的球队助威吧！2022.11.18-12.18 世界杯期间，参与球队助威，即有机会瓜分盐粒奖池。助威次数越多，助威球队每场获胜后瓜分赢取的盐粒越多。每日达成任务成就还可获得额外创作分奖励，加速获得助威次数。点击下方链接，马上去助威吧！ 为你支持的球队助威，赢知乎盐粒>>>
https://www.zhihu.com/question/569717321	2022 年是折叠屏手机爆发式增长的一年，近日发布的荣耀 Magic Vs 起售价拉到了 7499 ，5000 毫安大电池，261 g 重量，搭载全新 Magic Os7.0 操作系统等。这款折叠屏与目前的直屏旗舰价格和重量相差无几，但续航更好，体验和玩法更多。 话说，折叠屏手机怎样的配置最容易打动你？一起来讨论下吧。
https://www.zhihu.com/question/569718968	近日，河南安阳。一对 95 后夫妻分享了带 3 个孩子入住毛坯房的视频。视频中女子的家中简单的铺了地板，买了一些生活必须的家具用品，女子表示买房付了首付 20 几万，入住毛坯房一共花了 5 万左右，自己和老公都是 95 后，靠自己的努力买了房子，之后没有钱装修，家里还有 3 个孩子，每个人都有不一样的追求，女子觉得一家人在一起有个家就是幸福，入住毛坯房一样可以很幸福。 （来源：星视频）
https://www.zhihu.com/question/569720207	今年 4 月，《华尔街日报》的一篇文章中写道，多年来，在美国，中年女性在抗抑郁药使用率中一直是全国最高的。中年，尤其是绝经前后，女性患抑郁症的风险尤为明显：研究发现，女性在绝经前后患重度抑郁症的风险是其一生中其它时间的 2~4 倍；对于之前有过抑郁症的女性来说，情况更是如此。 1988 年以来，美国国家心理健康研究所（NIMH）的一些研究人员一直跟踪 90 名女性的精神健康状况，他们发现，女性中年抑郁症的发病率集中在末次月经前后的两年。NIMH 行为内分泌学项目主任皮特·施密特（Peter Schmidt）说，女性更年期抑郁症的特征也很明显，通常包含强烈的焦虑、易怒和睡眠问题，以及抑郁症典型的悲伤和对过去喜欢做的事情感到兴致丧失。 许多 40 多岁到 50 岁出头的女性正面临着多方面的挑战，包括这一特殊时期职业、亲密关系、抚养青少年子女和身体健康等多重压力。同时，澳大利亚墨尔本莫纳什大学阿尔弗雷德精神病学研究中心主任、精神病学家贾亚什里·库尔卡尼（Jayashri Kulkarni）指出，在绝经期间，雌激素水平尤其会波动，血清素和多巴胺水平不稳定，从而影响情绪；其他激素，如黄体酮和睾酮的波动，在整个更年期都会产生类似的情绪影响。 梅奥诊所在《女性抑郁症：了解性别差异》（Depression in women: Understanding the gender gap）一文中写道，在女性的几个人生阶段，女性都可能比男性面临更高的抑郁症风险，这些阶段包括青春期、经前期、孕期、产后、围绝经期以及绝经期。而一个非常重要的特征是，这些时期往往都伴随着激素的波动。 首都医科大学附属安定医院副主任医生周晶晶等人 2020 年发表的文章指出，激素的激活作用与抑郁症发病率升高相关。在生殖年龄，抑郁症的性别差异最大，这表明性激素和生殖事件在抑郁症的病因学中起着一定的作用。因为女性对于低激素水平或者是激素水平起伏的敏感性高于男性，因此对于该阶段的女性，可进行相关激素的测定，以便更好地早期预防及干预。 人体内的激素有上百种，由腺体或器官所产生，它们像化学信使一样穿梭在血液和器官组织中，传递特定的讯号。在女性所有的生殖激素中，影响最大的当数雌激素。雌激素在卵巢中产生，在一般的 28 天月经周期中，其水平的升降引导了卵巢的工作，例如协助诱发排卵、让子宫内膜为受精做准备。 首都医科大学附属北京妇产医院内分泌诊疗中心主任阮祥燕 2020 年在接受媒体采访时曾这么比喻，如果说女性是花，激素就是水。雌性激素减少带来的更年期症状不单单是潮热、出汗、脾气变差，而是从头到脚、由内而外的全方位影响。各种腺体因雌激素水平下降而减少分泌，包括唾液、泪液、胃肠道消化液、阴道分泌物等等。 过去十年间，科学家们对雌激素在大脑中的角色有了更清晰的认识。雌激素受体存在于海马体、杏仁核和下丘脑中，这些区域对认知、情绪处理和压力反应很重要。例如，雌激素可以对 5- 羟色胺（serotonin，调节情绪的神经递质）产生正向作用，从而影响情绪；此外，初步实验也发现，雌激素似乎也可以增强选择性 5- 羟色胺再摄取抑制剂（selective serotonin-reuptake inhibitors，SSRIs）在女性体内的抗抑郁作用。 目前，在抑郁症的药物方面，SSRI 、五羟色胺和去甲肾上腺素再摄取抑制剂（SNRI）都是最主流的药物，在国内几乎占据了约 90% 的抗抑郁药市场。 随着女性向绝经期过渡，Jayashri Kulkarni 说，脑部比身体其他部位要早五年受到这些波动的影响。美国波士顿布莱根妇女医院和哈佛医学院的研究团队在 8 周内测量了 50 名 35 至 56 岁女性血清中的雌激素水平，他们于 2020 年在《临床内分泌与代谢杂志》（ 美国生物科技公司 Praxis 首席医疗官 Bernard Ravina 在接受《自然》采访时表示，与生育状态相关的激素波动是抑郁症明显的生物学驱动。无论性别，数据显示，患有抑郁症的人体内神经活性类固醇的内源性水平较低，突触外受体也有变化。女性抑郁症发病率比男性高两倍，激素是罪魁祸首吗？| 精神？精神！
https://www.zhihu.com/question/569720803	中国物流与采购联合会、国家统计局服务业调查中心今天（30 日）发布 11 月份中国制造业采购经理指数。数据显示，指数连续下降，表明受疫情多点频发影响，经济运行压力有所加大。但部分民生相关行业保持稳中有升，高技术制造业和消费品制造业出口需求也止跌回稳。 11 月份中国制造业采购经理指数为 48%，较上月下降 1.2 个百分点。制造业 21 个细分行业中，15 个行业采购经理指数位于 50% 以下的收缩区间。从分项指标看，市场需求整体有所收缩，企业生产活动相应放缓。从企业调查来看，市场需求不足问题突出。反映市场需求不足的企业比重为 55%，较上月上升 2.2 个百分点。（央视新闻）更多资讯请下载央视新闻客户端
https://www.zhihu.com/question/569721335	近日，国家邮政局发布《快递服务》国家标准 (征求意见稿)。征求意见稿最大的变化之一是首次明确了「投递次数」，而且特定情况下的「送货上门」可额外收取费用。快递服务主体应对上门投递快件提供至少 2 次免费投递，投递宜在 8:00-20:00 时间段进行。2 次免费投递之间应间隔 8 小时以上，与用户有约定的除外。 上门投递 2 次未能投交的快件，快递服务主体可与收件人约定采用延迟投递或者箱递、站递方式投递；收件人仍选择上门投递的，快递服务主体可收取额外费用，但应事先告知收件人收费标准。无法联系收件人的，可根据寄件人要求对快件进行处理。（扬子晚报） 免费送货上门或将有「次数限制」
https://www.zhihu.com/question/569722553	11 月 29 日，据九派新闻视频援引梨视频报道，近日，浙江杭州一网友称，自己在求职软件上与某公司 HR 沟通时，遭到对方吐槽，「只有全家是下等人的，才打工。」 双方的聊天纪录中，这名 HR 还说出了「你这种垃圾水平，只能打工」「啥也不会的东西」「狗屁东西」等明显具有侮辱性的言语。 据悉，该岗位为短视频平台运营，要求求职者具备短视频剪辑和运营技能，对于能力不足者，公司会进行培养，培养期在 3 个月左右，培养期工资为 4500 元或包吃住 1500 元。 单从聊天记录来看，双方的争执是由这名网友不满意该岗位薪资待遇的一句回复所引发。 29 日，该公司工作人员回应称，「是下面员工做的吧，可能是双方沟通过程中有言语冲突。」 另外，工作人员还表示，「工作人员都会有脾气，那怎么办呢？至于什么下等人言论，没有就没有，有就有，有就客客气气地道歉，我们也不是什么大公司，公司它只是块牌子，无所谓的，投诉到网上又怎么样呢？」 「我们又不是王健林，我们又不是雷军，谁来工作发谁钱天经地义，你不来的，你到网上去骂，又咋地？」 对此，不少网友感到愤慨，并表示，「打工人何苦为难打工人。」「太嚣张了吧！」「你又是什么上等人？」 也有网友认为，「明明就是应聘者先阴阳怪气，搞人家心态。」「这应聘者上来就这么说话，哪个招聘者不会生气。」 那么，你怎么看呢？ 求职者遭 HR 吐槽，「全家是下等人才打工」，公司：投诉到网上又咋样？_ 网友 _ 视频 _ 双方 （来源：梨视频、九派新闻）
https://www.zhihu.com/question/569723745	美国媒体当地时间 11 月 29 日援引美国国防部一名高级官员的消息报道称，美国正在考虑直接向乌克兰提供「爱国者」导弹系统。 对此，俄罗斯国家安全会议副主席梅德韦杰夫 29 日表示，如果北约向乌克兰提供「爱国者」导弹系统和工作人员，那他们将立刻成为俄罗斯武装部队的合法目标。 俄罗斯副外长里亚布科夫同一天表示，美国进一步干涉俄乌冲突而导致严重后果的风险正在增加。（央视新闻）更多资讯请下载央视新闻客户端
https://www.zhihu.com/question/569726957	据美国国家广播公司（NBC）报道，当地时间 11 月 29 日，美国极右翼组织「誓言守护者」（Oath Keepers）的创始人斯图尔特·罗德斯（Stewart Rhodes）和另一名成员凯利·梅格斯（Kelly Meggs）在与 2021 年 1 月 6 日美国国会大厦骚乱事件有关的刑事审判中，被判煽动性阴谋罪成立。 （综合央视新闻客户端）更多资讯请下载央视新闻客户端
https://www.zhihu.com/question/569727860	2023 年全国硕士研究生招生考试将于 12 月 24 日至 26 日举行，不少考生会选择提前一天住到考点附近的酒店准备考试。然而，因为恰逢圣诞节，上海不少酒店的 24 、 25 号前后的房间已经订满，而且价格也有不同程度的上涨，在松江大学城附近，一家平日价格在 200 元上下，而 12 月 23 日、 24 日的价格则上调至 1100 元。 （来源：新浪热点、 021 视频）
https://www.zhihu.com/question/569728712	今天（12 月 1 日），寒潮带来的降温进入尾声，北方地区气温开始大范围回升。明天，全国大部地区的气温都将回升，但是江南、西南、华南等地部分地区气温仍持续偏低，需注意保暖。降水方面，未来三天，南方较大范围雨雪天气仍将持续。 11 月 29 日至 30 日 南京、武汉、长沙、杭州、贵阳等城市有望迎来今冬初雪，时间较常年明显偏早，甚至比北京、济南等北方城市还要早南方 6 省反超华北提前迎初雪 今冬初雪时间表看你那何时下雪 - 资讯 11 月 30 日 14 时至 12 月 1 日 08 时，江南大部、贵州、云南东部、华南等地将先后降温 6～8℃，其中，江西南部、福建西南部、云南东南部、广西西部和南部、广东东北部等地部分地区降温可达 10℃~12℃，局地达 14℃。12 月 1 日前后最低气温 0℃线将南压到江南东北部至湖南南部、贵州南部一带。上述地区将有 4~6 级偏北风、阵风 7～9 级；我国东南部和南部海区先后有 7～9 级大风、阵风 10～12 级。寒潮黄色预警 江南华南陆续降温局地降幅可达 14℃- 资讯
https://www.zhihu.com/question/569729587	周三 A 股市场人气回落，早盘三大指数低开后震荡上行，午前相继翻红；午后 A 股逐步回落，房地产板块跳水，多股炸板，不过尾盘市场再度上行，三大指数集体收涨。 截至收盘，沪指涨 0.05%，报 3151.34 点，深成指涨 0.18%，报 11108.5 点，创业板指涨 0.24%，报 2345.31 点，科创 50 指数跌 0.22%，报 1000.26 点。沪深两市合计成交额 9316.54 亿元，北向资金实际净买入 49.17 亿元。两市 76 股涨停（含 ST 股），5 股跌停。收评：A 股震荡汽车股爆发，多只地产股炸板，广州本地股尾盘异动
https://www.zhihu.com/question/569732307	老人养的近 4000 只鸭子被投毒死亡损失十几万老人养的鸭子被投毒损失十几万#11 月 29 日，江西上饶。3 位 60 岁老人一共养 7000 只鸭子，被人投毒一下毒死 3000 多只，损失大概十几万。知情人：已经报警处理。 （来源：齐鲁晚报）
https://www.zhihu.com/question/569736234	近日，湖南省韶山市人民法院审理一起案件。梁某（男）和刘某（女）离婚时，约定儿子归刘某抚养，梁某每月支付抚养费。后梁某拒绝支付抚养费，原因是刘某将小孩姓氏更改为「刘」。 男子因前妻为儿子改姓拒付抚养费，姓氏切不断抚养义务
https://www.zhihu.com/question/569739193	综合韩国《朝鲜日报》、《中央日报》30 日报道，韩国队 28 日在卡塔尔世界杯 H 组小组赛第二轮比赛中，以比分 2:3 惜败加纳。对于这一结果，有韩国球迷愤愤不平，他们将矛头指向韩国队主力选手孙兴慜，在社交媒体账号上对其进行恶性留言评论和人身攻击。这一现象在韩国国内引发争议，对此，也有不少韩国网民发声力挺孙兴慜，对网暴予以回击。 韩国选手孙兴慜（图左）和其社交账号上部分韩国网民的恶性留言截图。 图源：《朝鲜日报》 据报道，28 日比赛结束后，不少韩国球迷涌进孙兴慜的个人社交媒体账号内，将比赛失利的原因归咎于其，并对其进行恶性留言和人身攻击。他们写道，「实话讲，孙兴慜真的很差劲」、「创历史最差表现，比赛结束后却只会哭」。还有人表示，「身体状态不好就去坐板凳」、「希望再也不要在国家队中看到你」！ 孙兴慜个人社交账号的评论截图：有韩国网民向其写道，「比赛输了，你可真差劲」、「希望再也不要在国家队中看到你。讨厌看到你那惹人烦的脸」。 《中央日报》分析称，韩国球迷对孙兴慜进行网暴，源于赛前对其期待值较高，但韩国队在本次世界杯中的成绩却较为低迷这一原因。同时，孙兴慜赛前眼眶骨折受伤，导致未能在比赛中发挥出最佳状态也是原因其中之一。报道称，24 日韩国队出征首场比赛时，孙兴慜未能进行有效射门；而在 28 日对战加纳时，孙兴慜又成为对方集中防守对象，未能为球队扭转胜负。赛后，孙兴慜对自身表现也颇为失望，流下泪水。他在韩媒采访中说道：「队友们在比赛中尽了最大努力，辛苦了。但对于结果，我感到很抱歉。我个人应该表现出更好的竞技水平。同时作为队长本应好好带领球队，没能做到这一点最让我心痛。」 28 日比赛结束后，孙兴慜蹲在球场一边抽泣，难掩悲伤和失望之情。 图自韩媒 《朝鲜日报》称，在孙兴慜被网暴的相关报道发出后，也有不少韩国网民发声力挺孙兴慜，向网暴予以回击。一位韩国网民在孙兴慜的社交账号上，向对其进行人身攻击的球迷们说道：「可笑的家伙们，别再给兴慜发恶评了。」还有人为孙兴慜加油打气，说道，「支持你的人更多」、「作为队长出征，我们已经很感谢你了」、「之后的比赛继续加油」！《朝鲜日报》称，目前，在孙兴慜的个人社交媒体账号上，支持者的声音已经压倒网暴者的恶性留言。
https://www.zhihu.com/question/569739229	近日，上海市人大常委会通过《上海市住房租赁条例》，将于 2023 年 2 月 1 日起施行。条例有两点值得关注，一是对个人「二房东」加强监管，不仅要开立租金监管专用账户，而且转租房屋达到规定数量，必须办理市场主体登记，也就是变成堂堂正正的长租公寓；二是条例明确禁止群租，禁止将违法建筑、擅自改变使用性质的房屋用于出租。 笔者所在的珠三角，7800 万常住人口中，超过一半的人在租房，处于地下经营的「二房东」生意很好。举个简单的例子，一套房子两室一厅，房东要收租 5000 元 / 月，「二房东」拿过来，把两室分别租给两个人（家庭），每间 2800 元 / 月，一个月能赚 600 元。城市中心旺地的房子，整租的租金更贵，动辄探至上万元的月租金，还可以把客厅、阳台隔断起来出租。 这就是「N+1」，也是典型的群租现象。这种租赁模式下，「二房东」赚得更多，如果多租十几套、几十套，「二房东」一个月的倒手收益就有万元左右。2016 年开始，大力发展规模化住房租赁，那时曾鼓励过「N+1」，但后来排查时发现屡有火灾、非法经营、聚众赌博等消防和治安事件，且群租还导致排水难、用电负荷重、电梯拥挤、楼道嘈杂、卫生差等问题。 特别是，近两年疫情防控过程中发现，群租房中租户感染或传播疫情的概率更大，比如近期疫情形势严峻的广州，群租盛行的城中村，普遍存在空间狭窄、流通性不足、卫生状况差，成为病毒肆虐的根源之一，有的楼栋出现大面积感染。从房东的角度，谁也不希望自己的房子被「毁容」，收回时要花更多的钱恢复原样，更不希望自己的房子被贴上疫情传播源的标签。 因此，「二房东」和群租本质上是一个问题，我们需要反思的是，为啥群租泛滥且屡禁不止。很简单，租金低！谁都想租一整套房子，90 后、 00 后打工者、新就业者，更希望有独立空间。但奈何，一个月到手的工资只有 3000-5000 元，动辄需要拿出一半收入付房租，简直割肉般疼痛。加班常态化的情况下，为了住得离单位近点儿，又少花钱，不选择群租还能咋样？ 一种看似不合理的需求，若成为打不死的小强，就要从供给端找病根了。「二房东」和群租，本质上反映了当下租金太高、房子太大的问题。租赁房源都是从存量商品房市场上筹集来的，这些商品房在建设的时候，考虑的是居家生活，往往户型偏大。根据贝壳研究院的数据，2021 年全国百城租赁成交中，三居室房源占比只有 25.4%，但其供应的占比接近 50%。 另外，租赁需求集中的区域，往往是城市中心区、 CBD 、老城区，这些区域租金又非常高，套均租金水平都在 4000-5000 元 / 月或以上。近些年，这些热点片区搞旧改，也出了一批新的租赁公寓，户型在 30-50 平米，体验感也不错，但租金更高，基本在 4000 元 / 月以上，还是租不起。 近两年，各地推进保租房大规模筹集，这个思路是对的，就是为了满足新市民、年轻人、创业者、打工人等的租房需求，他们是城市「扎根脆弱型」群体，进入城市不久、收入不高、对租金较敏感（不要超过 1/3），中短期内需要「低租金、小户型」的租赁居所。但目前来看，这类房源供应很少，且主要面向了人才群体。千万计的上述人群，还得靠「二房东」等租赁市场去解决。 总之，从安全、防疫、宜居的角度，整治「二房东」和群租是对的，但从治理能力现代化、系统化的角度来看，更需要与住房供给端改革结合起来。打击「二房东」和群租的另一面，就是租金相对低廉的可租房源供应减少。上海租赁条例将在明年 2 月 1 日就施行了，届时若严格落地，我更关心的是，上海千万外来人口春节回来后，能否租到租金低廉的房子。不能群租，低收入群体怎么办？ 来源：证券时报
https://www.zhihu.com/question/569747498	美国数月前出台的价值数千亿美元的《通胀削减法案》，如今正通过巨额补贴吸引全球企业投资流向美国，这使得欧洲领导人近来倍感焦虑。 据德国《明镜》周刊 11 月 29 日报道，德国副总理兼经济部长哈贝克当天再度表态称，欧盟将对美国不合理的补贴做出「强有力的回应」，将为与美国的贸易冲突做好准备。 早前 11 月 22 日，哈贝克与法国财长勒梅尔在巴黎召开联合发布会，首次表态欧洲应共同对美国作出强硬回应，欧洲必须优先捍卫自己的利益。当地时间 29 日，法国总统马克龙前往美国进行访问。据路透社 25 日报道，他将就美方巨额补贴的问题直面美国总统拜登。 当地时间 2022 年 11 月 29 日，德国柏林，德国副总理哈贝克在一场行业会议上发表讲话。德国副总理哈贝克放话：欧盟将为与美国的贸易冲突做好准备
https://www.zhihu.com/question/569750165	情况通报 网传浏阳市荷花街道工作人员在上户沟通工作过程中与当事人发生言语冲突并打人的视频，浏阳市纪委监委已介入调查处理，涉事人员现已停职，相关调查处理情况将及时向社会公布。 中共浏阳市委宣传部 2022 年 11 月 30 日 新黄河 App
https://www.zhihu.com/question/569757314	海珠区关于关于优化完善疫情防控措施的通告 为全面、准确、完整贯彻落实国务院联防联控机制《第九版防控方案》和进一步优化疫情防控「二十条」措施要求，为科学精准做好防控工作，根据当前疫情防控形势，经综合研判，优化完善疫情防控措施。现将相关事项通告如下： 一、科学精准划定风险区。原则上将感染者居住地以及活动频繁且疫情传播风险较高的工作地和活动地等区域划定为高风险区，高风险区一般以单元、楼栋为单位划定，不得随意扩大。符合解封条件的要及时解封，封控管理要快封快解，应解尽解，尽最大努力减少因疫情防控给群众带来的不便。 二、精准开展流行病学调查。按照科学、精准原则开展流行病学调查，严格按照《第九版防控方案》和进一步优化疫情防控「二十条」措施的标准，及时、准确判定密切接触者，不得随意扩大密切接触者甄别范围，不以时空伴随作为判定密切接触者的标准。 三、做好密切接触者的隔离管理。密切接触者原则上落实集中隔离观察，符合居家隔离条件的密切接触者实施居家隔离。 四、科学开展核酸检测。按照《第九版防控方案》和进一步优化疫情防控「二十条」措施要求，对风险岗位、重点人员开展核酸检测，不得扩大核酸检测范围，一般不按行政区域开展全员核酸检测。 五、加快疫苗接种。坚持疫苗接种「应接尽接」原则；坚持政府牵头，部门联动，落实属地管理责任；坚持精准摸底，精细管理；坚持优化服务，提供便利；坚持多措并举，强化动员；坚持加强监督，推动落实，特别是要加强老年人新冠疫苗接种。 特此通告。 广州市海珠区新型冠状病毒肺炎 疫情防控指挥部办公室 2022 年 11 月 30 日广州海珠：符合条件的密接者居家隔离
https://www.zhihu.com/question/569759160	一场科技巨头间的「大战」或许正在酝酿。 当地时间 11 月 28 日，推特的新老板埃隆·马斯克用一连串推文向苹果（AAPL，股价 141.17 美元，市值 2.25 万亿美元）公司开炮，声称苹果不但限制了在推特上投放广告，还威胁要把推特从苹果应用商店中「屏蔽」掉。 自马斯克接手推特以来，这个社交媒体平台与苹果之间关系逐渐变得剑拔弩张。马斯克抨击了苹果对各应用的内容审查机制，另一方面对苹果高达 30%「苹果税」也很有怨言。马斯克线上「炮轰」苹果，「苹果税」大战再次打响？ | 每经网
https://www.zhihu.com/question/569762385	近日，北京市朝阳、通州、石景山、顺义、大兴等多区发布通知，进一步优化核酸检测服务，有针对性地对部分群体实行免检，推行「愿检尽检」。 具体包括长期居家老人、三岁以下婴幼儿、在家上网课学生等无社会面活动的人员，如无外出需求可以不参加每日核酸检测。更多资讯请下载央视新闻客户端
https://www.zhihu.com/question/569763448	今天下午 14 时许，广州部分区相继发布了解除疫情防控临时管控区通知。 「广州番禺发布」发布通告明确称，根据疫情处置进展，按照国务院应对新型冠状病毒肺炎疫情联防联控机制综合组《新型冠状病毒肺炎疫情防控方案（第九版）》《关于进一步优化新冠肺炎疫情防控措施科学精准做好防控工作的通知》要求，经综合研判决定，自本通告发布之时起，解除所有疫情防控临时管控区，按低风险区管理，实行「个人防护、避免聚集」的防范措施。 根据「广州天河发布」，根据新型冠状病毒肺炎防控方案（第九版）和优化防控工作二十条措施，经专家组研判，自本通告发布后，即时解除广州市天河区新型冠状病毒肺炎疫情防控指挥部办公室于 2022 年 11 月 29 日、 2022 年 11 月 30 日发布的《天河区关于划定风险区域的通告》中员村街道、长兴街道、棠下街道、珠吉街道临时管控区的管控措施。 广州荔湾区也发布通告，根据当前疫情防控需要，按照国务院应对新型冠状病毒肺炎疫情联防联控机制综合组《新型冠状病毒肺炎疫情防控方案（第九版）》相关规定，经荔湾区新型冠状病毒肺炎疫情防控指挥部研究决定，自本通告发布之日起，解除该区全部临时管控区。 11 月 11 日，国务院联防联控机制发布了《关于进一步优化新冠肺炎疫情防控措施，科学精准做好防控工作的通知》（下称《通知》），发布了进一步优化疫情防控工作的二十条措施。 《通知》明确，风险区由「高、中、低」三类调整为「高、低」两类，原则上将感染者居住地以及活动频繁且疫情传播风险较高的工作地和活动地等区域划定为高风险区，一般以单元、楼栋为单位划定，在科学精准管控风险区域的前提下，最大限度减少管控范围和人员。取消中风险区的判定。 值得一提的是，目前广州海珠也发布了关于优化完善疫情防控措施的通告，其中提出做好密切接触者的隔离管理。密切接触者原则上落实集中隔离观察，符合居家隔离条件的密切接触者实施居家隔离。重大调整！广州解除部分疫情防控临时管控区
https://www.zhihu.com/question/569769727	世界杯火热开赛，谁是你心中的冠军队伍？快去为你支持的球队助威吧！2022.11.18-12.18 世界杯期间，参与球队助威，即有机会瓜分盐粒奖池。助威次数越多，助威球队每场获胜后瓜分赢取的盐粒越多。每日达成任务成就还可获得额外创作分奖励，加速获得助威次数。点击下方链接，马上去助威吧>>> 为你支持的球队助威，赢知乎盐粒 16 强席位已产生 10 席，分别是阿根廷、波兰、荷兰、塞内加尔、英格兰、美国、法国、澳大利亚、巴西、葡萄牙。
https://www.zhihu.com/question/569771353	在 ASCII 码中，共有 94 个可见字符： 其中 62 个字母和数字，6 个括号， 8 个标点符号（逗号、分号、句号、冒号、问号、叹号、单引号、双引号）， 7 个数学运算符号（加减乘除、大小等于）， 这 83 个字符都是很有必要的，现在还剩下 11 个字符： #$%&@\^_`|~ 逻辑符号：且（&）、或（|）、异或（^） 百分号：在生活中足够常用，并且我猜因为和除号比较像，后来又扩展了取余的用法。 下划线：作为一个可视的空白符号，是一个必不可少的符号。 反引号：在生活中并不常用，但是就像括号准备了 3 种，反引号作为一种引号系统的补充，用于未来可能的扩展也是很适合的。 反斜杠：既然已经有了从右上到左下的「斜线」，再补充一个从左上到右下的「斜线」也是很合理的。并且后来又扩展了转义的用法。 波浪线：在计算机中表示取位反的符号，「取位反」这个操作符虽然应该是必不可少的，但是「取位反」要不要用波浪线来表示，这应该是一个先有鸡还是先有蛋的问题。不过除了减号可以画出「横线」，画「波浪线」也是一个必不可少的需求，设计这么一个符号也足够合理。 At 符号：@作为邮箱域名和圈人符号其实已经是很久以后的事情了，但是由于它本身的含义就是单词「at」，所以这样的设计也是容易理解的。 井号：#号似乎常用作表示编号，后来扩展了表示话题的「标签」，也是容易被大众接受的。 最后还差一个，$ 号：这个符号无论在编程语言还是日常生活中，似乎都不太经常用（通用），在某些语言中 $ 表示变量名，但是这个符号也非常地不直观，感觉就是没符号用了只剩这最后一个了，就直接拿来用了。 而且 $ 符号表示本意「dollar」的时候，也只有美元国家才用，欧元不用、 RMB 不用，还有很多国家的货币符号也都各有不同，他们都在 Unicode 码表里。 At 符号和井号的设计似乎在当年也没有足够的必要性，但是好歹后来歪打正着了，找到了自己合适的用法，但是 $ 符号呢？是否是当年的设计考虑不足？
https://www.zhihu.com/question/569781466	11 月 30 日外交部发言人赵立坚主持例行记者会。有外媒提问称，美国国防部今天发布中国军力报告，指中国计划在 2049 年前打造世界级军队，其中去年加速核武扩张速度，估计 2035 年前恐坐拥 1500 枚核弹，是目前 400 枚的近 4 倍。对此，赵立坚回应称，美方近年来反复炒作各种版本的「中国威胁论」，其目的不过是为了自己扩张核武库，维持军事霸权寻找借口，这是美方的惯用伎俩，全世界都看得清清楚楚。 中国的核政策是一贯的，明确的，中国坚定不移的奉行自卫防御核战略，坚持不首先使用核武器政策，在核力量发展上保持极大克制，始终把自身核力量维持在国家安全需要的最低水平，从不参加任何形式的军备竞赛。作为拥有最大核武库的国家，美国近年来持续升级「三位一体」核力量，继续强化核武器在国家安全政策中的作用，顽固坚持基于首先使用核武器的核威慑政策，甚至明目张胆地针对特定国家量身定制核威慑战略，美方还与英国、澳大利亚开展违背《不扩散核武器条约》目的和宗旨的核潜艇合作。 赵立坚说，建议大家翻翻美国自己近期发布的系列报告，看看美方在核领域都做了些什么，下一步要做些什么。美方应该做的是认真反思自己的核政策，摒弃冷战思维和霸权逻辑，停止破坏全球战略稳定，并切实承担起核裁军特殊优先责任，进一步大幅、实质削减核武库，为最终实现全面彻底核裁军创造条件。（环球网）美国防部炒作中方 「2035 年前恐有 1500 枚核弹 」, 外交部: 美方惯用伎俩
https://www.zhihu.com/question/569798688	日本政府欲购买美国「战斧」巡航导弹一事传来最新进展。据《读卖新闻》11 月 30 日报道，日本首相岸田文雄此前在 13 日双边首脑会谈中已向美国总统拜登提出购买请求，双方确认将推进采购谈判。《读卖新闻》获悉，防卫省正考虑计划到 2027 财年购入最多达 500 枚「战斧」导弹。 报道称，这一消息得到了日美两国多位政府消息人士的证实。 《读卖新闻》报道截图 日本已向美国提出购买战斧导弹，最多或达 500 枚
https://www.zhihu.com/question/569801946	英国首相苏纳克发表外交政策演讲，提及英中关系「黄金时代」已结束。以贸易促变革的天真想法已结束，英将中国视为对自身价值观和利益的制度性挑战。赵立坚回应，我们想强调的是，中国一贯奉行独立自主的和平外交政策，是各国发展的伙伴和机遇，不是威胁和挑战。 我们敦促英方摒弃冷战思维，停止散布「中国威胁论」，客观理性看待中国和中英关系。
https://www.zhihu.com/question/569809870	《迷你世界》侵权《我的世界》纠纷案终审落定，该案件的具体情况是什么？ 相关
https://www.zhihu.com/question/569818580	房贷利率进入下降通道，2022 年以来，LPR 报价于 1 月、 5 月和 8 月调降了三次，5 年期以上 LPR 累计下调 35 个基点。同时，5 月 15 日，央行和银保监会调整差别化住房信贷政策，将首套住房商业性个人住房贷款利率下限调整为不低于相应期限贷款市场报价利率（LPR）减 20 个基点， 二套住房商业性个人住房贷款利率政策下限规定不变。 LPR 下降叠加房贷利率下限双重调整后，房贷利率也出现下滑。 融 360 最新发布的房贷利率报告显示， 2022 年 11 月，全国首套房贷款平均利率为 4.17%，比全国房贷利率下限高 7BP；二套房贷款平均利率为 4.95%，比全国房贷利率下限高 5BP。从降幅来看，首套房利率今年累计降幅 140BP，二套房贷利率累计降幅 90BP。 另外，11 月重点监测的 42 个一二线城市中，27 个城市的主流房贷利率执行全国下限水平，广州、成都和乌鲁木齐的主流房贷利率执行首套 4.3%(5 年期以上 LPR 水平)，二套 4.9%。首套房最低利率降至 3.7% 11 月 11 日，人民银行、银保监会发布《关于做好当前金融支持房地产市场平稳健康发展工作的通知》，支持个人住房贷款合理需求。支持各地在全国政策基础上，因城施策实施好差别化住房信贷政策，合理确定当地个人住房贷款首付比例和贷款利率政策下限，支持刚性和改善性住房需求。 同时，鼓励金融机构结合自身经营情况、客户风险状况和信贷条件等，在城市政策下限基础上，合理确定个人住房贷款具体首付比例和利率水平。支持金融机构优化新市民住房金融服务，合理确定符合购房条件新市民首套住房个人住房贷款的标准，多维度科学审慎评估新市民信用水平，提升借款和还款便利度。 差别化住房政策今年被频频提起，不少在此之前严格调控的城市，今年陆续出台了首付和利率政策。融 360 数字科技研究院重点监测的 42 个一二线城市中，2022 年以来，石家庄、重庆、温州、无锡等 8 个城市首二套房贷首付比例全线下调；天津、郑州、宁波、南京、杭州等 16 个城市则单独下调了二套房贷首付比例。 除此之外，至少有 50 个城市还通过灵活性调整认房认贷政策，扩大了贷款意义上「首套房」的范畴，从而使房贷优惠政策触达更多的住房改善性需求用户。其中三四线城市占多数，但优化认房认贷政策的重点二线城市数量下半年也在增加，比如杭州地区 11 月发布的房贷新政，就将在杭州无房，在其他地方有房贷记录但已结清的购房者，按照首套购房贷款用户执行政策。 42 个一二线城市中，有 8 个城市的首套房贷目前低于 4%，分别是温州、石家庄、贵阳、武汉、天津、泉州、昆明和大连，其中温州、石家庄和泉州的首套房贷利率的主流利率已经降至 3.8%。 而全国首套房贷最低的城市为清远，仅有 3.7%。 「全国各地首套房贷利率呈现出‘破 4 进 3’的格局，除部分重点一二线城市，后续其他城市降低房贷利率、刺激购房需求将成为主流操作。」易居研究院智库中心研究总监严跃进表示。 国金证券分析师杜昊旻表示，11 月首套房贷利率持续下降，再创 2019 年以来最低水平。11 月 25 日央行宣布于 2022 年 12 月 5 日降低金融机构存款准备金率 25bp，金融机构资金成本将有所降低，有望带动 5 年期以上 LPR 下降，预计未来各地房贷利率仍有下降的空间。 除了利率下调之外，首付比例也出现了调整。11 月 28 日，宁夏回族自治区银川市人民政府网站发布消息，即日起银川市开展为期半个月的购房促销活动，40 余家房地产开发企业 100 余个楼盘，推出了特价房、优惠车位、分期贷款补贴等措施。 「政策支持群众合理购房需求，在银川购买个人住房，购房主体和购房数量不受户籍限制，银川市内签订的商品房买卖合同转让期限不作限制。」银川市住建局相关负责人介绍，商业银行或公积金贷款首套房最低首付比例由 30% 下调至 20%，二套房首付比例由 40% 下调至 30%。缴存职工个人购买自住住房使用住房公积金贷款的，最高贷款额度由 50 万元提高到 60 万元；夫妻均正常缴存住房公积金的，缴存职工家庭住房公积金最高贷款额度从 70 万元提高到 80 万元。 缴存职工个人购买自住住房使用住房公积金贷款，在最高贷款限额内，住房公积金贷款的可贷额度由不高于缴存职工住房公积金账户余额的 20 倍提高到 25 倍；缴存职工家庭住房公积金贷款的可贷额度，在最高贷款限额内，由不高于缴存职工夫妻双方住房公积金账户余额之和的 20 倍提高到 25 倍。凡在全国任一住房公积金管理中心正常缴存住房公积金的职工，购买银川地区自住住房的，均可在银川住房公积金管理中心办理住房公积金异地贷款（含商转公），贷款政策与银川本地缴存职工保持一致。 目前，已有超百城将商贷或公积金首套房首付比例降至 20%。据中指院统计，今年已有 80 余城将首套商贷首付比例降至 20%。另据记者不完全统计，年内已有超 30 个城市下调首套个人住房公积金贷款利率至 20%。合计起来有过百城市的首付已经降到 2 成。 「首付比例出现积极的下调，且利率也到了比较低的水平，这说明今年实际上形成了历史上较好的信贷环境和政策，购房成本已降至历史低点。这是购房者需要积极把握的。」严跃进表示。首套房贷利率累计下调 140 个 BP 全国「最低价」降至 3.7%
https://www.zhihu.com/question/569823770	北约外长会于当地时间 11 月 29 日至 30 日在罗马尼亚首都布加勒斯特举行。综合俄新社、塔斯社报道，参会的匈牙利外长西雅尔多 30 日在脸书上发文警告，匈牙利不希望北约成为一个反华集团。 据俄新社报道，西雅尔多当天在脸书上先是写道：「今天议程上的第一件事是讨论北约战略概念。（讨论内容包括）与中国的关系、能源安全、关键基础设施的保护。」 他接着写道，「我们不希望北约成为一个反华集团。我们无需再冒一次冷战风险，麻烦已经够多了。我们的例子清楚地证明，基于相互尊重、互利共赢的合作是完全可行的」。 塔斯社补充称，西雅尔多这段文字中提到的「我们」指的是「匈牙利」。俄新社则称，西雅尔多「是在警告北约不要成为一个反华集团」。 在中国外交部于今年 6 月 30 日举行的例行记者会上，有记者提到，北约马德里峰会出台新「战略概念」文件，文件强调中国对北约价值观、利益和安全造成挑战，并对中国国防建设、经济政策、技术发展等领域多加指责，同时表示要保持对华建设性接触。对此，中国外交部发言人赵立坚表示，北约所谓的新「战略概念」文件罔顾事实、颠倒黑白，顽固坚持对华「系统性挑战」的错误定位，抹黑中国对外政策，对中国正常的军事发展和国防政策说三道四，鼓动对抗对立，充满冷战思维和意识形态偏见。中方对此严重关切并坚决反对。 「我们要正告北约，渲染、炒作所谓‘中国威胁’完全是徒劳的。北约应立即停止针对中方的无端指责和挑衅言论，放弃冷战思维、零和博弈的过时理念，放弃迷信军事武力、谋求绝对安全的错误做法，放弃搞乱欧洲、搞乱亚太的危险行径。他们应该做的是为欧洲和世界安全稳定做些好事。」赵立坚说。（环球网）北约外长会期间，匈牙利外长发文警告：我们不希望北约成为反华集团
https://www.zhihu.com/question/569825457	俄媒：泽连斯基称乌克兰重建需超 1 万亿美元 据塔斯社 11 月 29 日报道，乌克兰总统泽连斯基 29 日表示，乌国家重建将需要超过 1 万亿美元，基辅计划让西方国家参与这一进程，让一些州和城市接受它们的支援。 报道称，泽连斯基是在向国际展览局大会发表视频讲话时作这一表述的。他说：「现在我们已经吸引到数十个伙伴国家参与乌克兰的重建。这项工作的总规模超过 1 万亿美元。」（参考消息）俄媒：泽连斯基称乌克兰重建需超 1 万亿美元
https://www.zhihu.com/question/569826070	北京时间 11 月 30 日 23:00，世界杯小组赛 D 组第 3 轮，法国对阵突尼斯。上半场内德 - 甘迪破门但越位在先，科曼失良机，法国暂时 0-0 突尼斯；下半场哈兹里一条龙破门，格列兹曼读秒进球被吹越位，法国 0-1 突尼斯，仍以小组第一出线。 世界杯火热开赛，谁是你心中的冠军队伍？快去为你支持的球队助威吧！2022.11.18-12.18 世界杯期间，参与球队助威，即有机会瓜分盐粒奖池。助威次数越多，助威球队每场获胜后瓜分赢取的盐粒越多。每日达成任务成就还可获得额外创作分奖励，加速获得助威次数。点击下方链接，马上去助威吧>>> 为你支持的球队助威，赢知乎盐粒
https://www.zhihu.com/question/569826203	北京时间 11 月 30 日 23 点，世界杯小组赛 D 组第三轮澳大利亚对阵丹麦。上半场丹麦攻势占优但也没有创造出绝对的机会，下半场莱基利用一次反击机会破门。全场比赛结束，澳大利亚 1-0 丹麦。 世界杯火热开赛，谁是你心中的冠军队伍？快去为你支持的球队助威吧！2022.11.18-12.18 世界杯期间，参与球队助威，即有机会瓜分盐粒奖池。助威次数越多，助威球队每场获胜后瓜分赢取的盐粒越多。每日达成任务成就还可获得额外创作分奖励，加速获得助威次数。点击下方链接，马上去助威吧>>> 为你支持的球队助威，赢知乎盐粒
https://www.zhihu.com/question/569826263	北京时间 12 月 1 日凌晨 3 点整，2022 年世界杯小组赛 C 组第 3 轮展开角逐，波兰对阵阿根廷。上半场梅西失点，什琴斯尼连场扑点，下半场麦卡利斯特打破僵局，阿尔瓦雷斯扩大比分后失单刀。最终阿根廷 2-0 战胜波兰，C 组积分榜方面，阿根廷积 6 分头名出线，1/8 决赛将战澳大利亚，波兰积 4 分位居第二晋级，1/8 决赛将对阵法国。 世界杯火热开赛，谁是你心中的冠军队伍？快去为你支持的球队助威吧！2022.11.18-12.18 世界杯期间，参与球队助威，即有机会瓜分盐粒奖池。助威次数越多，助威球队每场获胜后瓜分赢取的盐粒越多。每日达成任务成就还可获得额外创作分奖励，加速获得助威次数。点击下方链接，马上去助威吧>>> 为你支持的球队助威，赢知乎盐粒
https://www.zhihu.com/question/569826306	北京时间 12 月 1 日凌晨 3 时，世界杯小组赛 C 组第 3 轮，沙特对阵墨西哥。上半场双方均无建树，沙特半场 0-0 战平墨西哥。下半场，亨利 - 马丁打破僵局，查韦斯扩大领先优势，多萨里扳回一城，最终墨西哥 2-1 击败沙特。小组赛战罢，墨西哥与波兰同积 4 分，墨西哥因仅净胜球劣势排名第三无缘出线。 世界杯火热开赛，谁是你心中的冠军队伍？快去为你支持的球队助威吧！2022.11.18-12.18 世界杯期间，参与球队助威，即有机会瓜分盐粒奖池。助威次数越多，助威球队每场获胜后瓜分赢取的盐粒越多。每日达成任务成就还可获得额外创作分奖励，加速获得助威次数。点击下方链接，马上去助威吧>>> 为你支持的球队助威，赢知乎盐粒
https://www.zhihu.com/question/569827914	报告显示，2021 年我国未成年网民规模达 1.91 亿，未成年人互联网普及率达 96.8%。进一步对未成年人的互联网使用情况进行调查发现，未成年网民网上学习、听音乐、玩游戏为三大主要活动，分别占比 88.9% 、 63% 、 62.3%。聊天和看短视频分别以占比 53.4% 和 47.6% 位居第四位和第五位。 特别值得关注的是，未成年人网上休闲娱乐活动中，看短视频的比例有所下降，相较 2020 年的 49.3% 下降 1.7 个百分点。 人民日报 - 有品质的新闻团中央报告：未成年人上网玩游戏、聊天比例高于看短视频
https://www.zhihu.com/question/569851373	世界杯火热开赛，谁是你心中的冠军队伍？快去为你支持的球队助威吧！2022.11.18-12.18 世界杯期间，参与球队助威，即有机会瓜分盐粒奖池。助威次数越多，助威球队每场获胜后瓜分赢取的盐粒越多。每日达成任务成就还可获得额外创作分奖励，加速获得助威次数。点击下方链接，马上去助威吧>>> 为你支持的球队助威，赢知乎盐粒
https://www.zhihu.com/question/569851936	世界杯火热开赛，谁是你心中的冠军队伍？快去为你支持的球队助威吧！2022.11.18-12.18 世界杯期间，参与球队助威，即有机会瓜分盐粒奖池。助威次数越多，助威球队每场获胜后瓜分赢取的盐粒越多。每日达成任务成就还可获得额外创作分奖励，加速获得助威次数。点击下方链接，马上去助威吧>>> 为你支持的球队助威，赢知乎盐粒
https://www.zhihu.com/question/569852174	世界杯火热开赛，谁是你心中的冠军队伍？快去为你支持的球队助威吧！2022.11.18-12.18 世界杯期间，参与球队助威，即有机会瓜分盐粒奖池。助威次数越多，助威球队每场获胜后瓜分赢取的盐粒越多。每日达成任务成就还可获得额外创作分奖励，加速获得助威次数。点击下方链接，马上去助威吧>>> 为你支持的球队助威，赢知乎盐粒
https://www.zhihu.com/question/569879136	世界杯火热开赛，谁是你心中的冠军队伍？快去为你支持的球队助威吧！2022.11.18-12.18 世界杯期间，参与球队助威，即有机会瓜分盐粒奖池。助威次数越多，助威球队每场获胜后瓜分赢取的盐粒越多。每日达成任务成就还可获得额外创作分奖励，加速获得助威次数。点击下方链接，马上去助威吧>>> 为你支持的球队助威，赢知乎盐粒 比赛第 38 分钟，什琴斯尼禁区内打到梅西脸部，经 var 确认裁判判罚点球，梅西主罚的点球被什琴斯尼神勇化解。 据悉，波兰队在上一轮对阵沙特阿拉伯的上半场尾声阶段就曾被判点球，当时萨勒姆·达瓦萨里的点球就被什琴斯尼拒之门外。 本轮扑出梅西的点球后，什琴斯尼已经两度在本届世界杯拒绝了对手的点球得分。
https://www.zhihu.com/question/569892059	「太感谢你们了，想不到这么快就可以出院。」近日，经过 5 天住院治疗，101 岁的李奶奶从广东省第二人民医院（以下简称「省二医」）隔离病区出院，临走时向医护人员一一道谢。据悉，李奶奶是省二医转为新冠肺炎定点救治医院后，在隔离病区康复出院的最高龄患者。 家住广州海珠区的李奶奶患有高血压、糖尿病等基础病。11 月 21 日，李奶奶出现高烧、咳嗽、气喘等症状，核酸结果呈阳性。 李奶奶被紧急送往省二医 ICU 治疗，当时病情危急，出现意识模糊、脱水、心功能不全等并发症。 省二医 ICU 主治医师魏宜针对李奶奶营养不良、高烧后脱水的现象，立即采取补液等治疗措施。针对李奶奶咳嗽无力、排痰不畅的状况，省二医 ICU 病区护士长黎朝政每隔 1-2 小时给老人翻身、拍背一次，让痰液顺利排出。科室营养团队则根据老人的身体情况，制定了专门的营养方案。 两天后，李奶奶的体温开始下降，炎症指标恢复正常，身体和精神状况明显好转。 23 日，李奶奶从 ICU 转到心血管病医院心血管内科康复病房继续治疗。 不过，李奶奶血压仍较高，且存在心衰、贫血、心律失常等症状。省二医心血管病医院主任医师叶泽兵根据老人的情况确定了改善心衰、控制血压、输血、解决血液电解质紊乱等治疗方案。 经过进一步治疗，李奶奶情况趋于稳定，连续检测核酸也转为阴性，达到出院标准。 出院前夕，了解到李奶奶家属因居住地被封控，无法来接李奶奶出院，省二医心血管内科医护人员经多方联系，协调社区派专车到医院，护送李奶奶回家。 （原标题为《101 岁老人康复出院！省二医定点医院治愈超高龄合并基础疾病患者》） 101 岁老妪 5 天康复出院：广州治愈超高龄合并基础病新冠患者
https://www.zhihu.com/question/569895209	当地时间周三（11 月 30 日），美联储主席鲍威尔证实，该行或将在 12 月放慢加息步伐。鲍威尔在演讲中说道，放慢加息步伐的时机点可能落在 12 月的议息会议上。他解释称，现在的央行利率已接近抑制水平，足以使美国通胀率持续下降，这个时候放慢加息是有意义的。鲍威尔还表示，不希望让加息压垮经济。他称，美联储可能会在 12 月 FOMC 会议上放缓加息步伐。就业增长速度良好，超出了容纳人口增长所需的速度。 对此重磅表态，市场也作出了相应的反应，美债、美股集体走高，美元指数短线跌超 100 点。三大美股指创近三周最大收盘涨幅，纳指大涨超 4%，标普 500 涨 3.09%，道指涨 2.18% 转入牛市。 鲍威尔重磅表态！美股盘中跳涨，道指转入牛市，纳指大涨超 4%，中概创史上最大月涨幅 | 每经网
https://www.zhihu.com/question/569899457	当地时间周三（11 月 30 日），美联储主席鲍威尔证实，该行或将在 12 月放慢加息步伐。鲍威尔在演讲中说道，放慢加息步伐的时机点可能落在 12 月的议息会议上。他解释称，现在的央行利率已接近抑制水平，足以使美国通胀率持续下降，这个时候放慢加息是有意义的。鲍威尔还表示，不希望让加息压垮经济。他称，美联储可能会在 12 月 FOMC 会议上放缓加息步伐。就业增长速度良好，超出了容纳人口增长所需的速度。 对此重磅表态，市场也作出了相应的反应，美债、美股集体走高，美元指数短线跌超 100 点。三大美股指创近三周最大收盘涨幅，纳指大涨超 4%，标普 500 涨 3.09%，道指涨 2.18% 转入牛市。 热门中概股普涨，纳斯达克中国金龙指数涨 9.62%，11 月累涨 42.13%，创下有记录以来最大单月涨幅。小鹏汽车涨超 47%，11 月累涨 63.29%；蔚来涨超 21%，11 月累涨 32.16%；理想汽车涨超 18%，11 月累涨 61.53%；满帮涨超 15%，哔哩哔哩涨超 12%，爱奇艺、唯品会涨超 10%，阿里巴巴、百度涨超 9%，11 月分别累涨 37.72% 和 41.83%，微博涨超 8%，京东涨超 7%，腾讯音乐涨近 6%，拼多多涨超 4%，网易涨超 3%。中国铝业跌超 5%，每日优鲜跌超 3%。 鲍威尔重磅表态！美股盘中跳涨，道指转入牛市，纳指大涨超 4%，中概创史上最大月涨幅 | 每经网
https://www.zhihu.com/question/569904058	11 月 30 日 0 时至 24 时，北京新增 1023 例本土确诊病例和 4020 例无症状感染者（含 37 例无症状感染者转确诊病例，其中 2378 例已通报），无新增疑似病例，4650 例隔离观察人员、 356 例社会面筛查人员；新增 12 例境外输入确诊病例和 15 例无症状感染者，无新增疑似病例。治愈出院 326 例，解除医学观察的无症状感染者 848 例。北京昨日新增 1023 例本土确诊病例和 4020 例本土无症状感染者
https://www.zhihu.com/question/569919176	自从 2021 年 11 月 26 日，世界卫生组织宣布奥密克戎为需要关注的新冠病毒变异株以来，一年时间里，关于奥密克戎变异株引发重症和死亡的致病力问题一直备受关注。近日，一项来自国内科研团队的验证性研究数据显示，相较于新冠病毒的原始毒株和随后出现的其他变异株，奥密克戎变异株的致病力呈现几何级数下降。 香港大学研究团队联合海南医学院热带转化医学教育部重点实验室研究团队于今年年初发表在知名科学杂志《自然》上的一篇研究论文显示，于 2021 年 11 月出现的奥密克戎 B.1.1.529 变异株，在人体肺上皮细胞 Calu3 和肠上皮细胞 Caco2 中的复制能力明显减弱。在人类肺上皮细胞中，奥密克戎毒株的复制效率比原始株低三倍多。阿尔法、贝塔和德尔塔则相反，这些变异株的复制效率都与原始毒株相似或高于原始毒株。这项研究在人源 ACE2 转基因小鼠中建立的感染性动物模型进一步证实，与原始毒株和其他变异株相比，奥密克戎变异株在小鼠体内的繁殖能力和致病性减弱，所导致的死亡率也最低。 本月中旬，美国国家过敏症和传染病研究所病毒学实验室研究部门负责人尼尔杰·范·多雷玛伦等人，在学术期刊《科学·进展》上发表的一篇论文也表达了相似的观点，这篇论文指出，在恒猴中建立的感染性动物模型显示，感染奥密克戎 BA.1 或 BA.2 变异株的恒河猴，症状远低于感染德尔塔毒株的恒河猴，通过对恒河猴鼻拭子测试、支气管细胞采样和肺组织细胞采样显示，感染奥密克戎 BA.1 或 BA.2 变异株的恒河猴体内病毒载量显著降低。 关于新冠病毒变异株致病力和毒力的问题一直是国内科研团队持续关注的重点问题。近日，一项由武汉大学病毒学国家重点实验室科研团队开展的实验，也对奥密克戎变异株的致病力已经下降的结论进行了充分地验证。 武大病毒学国家重点实验室主任蓝柯在接受《环球时报》记者采访时表示，他所带领的研究团队在病毒体外感染实验中发现，奥密克戎变异株感染人肺细胞（calu-3）的能力显著低于原始毒株，在细胞内的复制效率比原始株要低 10 倍以上。 同样在小鼠感染模型中也发现，原来只需要 25-50 个感染剂量单位的原始毒株就可以导致小鼠死亡，而奥密克戎毒株则需要 2000 以上感染剂量单位才能使小鼠死亡。并且小鼠在感染奥密克戎后的肺部病毒含量比感染原始毒株低至少 100 倍。 蓝柯表示，以上这些实验结果均可有效表明，相较于新冠病毒原始毒株，新冠病毒奥密克戎变异株的致病力和毒力已经大幅降低。这提示我们对于奥密克戎不必过于恐慌，对于普通人群而言，在疫苗的保护之下，新冠病毒对人体的危害性已经大不如前。 【环球时报 - 环球网报道 记者 樊巍】微博
https://www.zhihu.com/question/569923129	头部的民办高校，很有韧性。 11 月 28 日，中教控股发布年度业绩（截至 2022 年 8 月 31 日），营收 47.6 亿元，净利润 19.36 亿元，利润率达到 40%，且净利增加了 3 成。 中教的操盘者们，运营着 14 所民办高校及职业院校，其中 2 所在海外，2021/2022 财年，在校学生人数高达 30.45 万人。 按在校生人数计，中教是国内规模最大的上市高教集团，有人戏称其为「三本之王」。 这样庞大的教育集团，掌舵者是于、谢两个低调的教育家族，两家的股比、职位、待遇的分配上，几乎完全平等，他们友好合作了 15 年。 高歌猛进 超 30 万的在校生人数，什么概念？ 这个规模，大体是清华大学的 5 倍多（在校生 5.7 万余人），北大的 7.5 倍（约 4 万人），高校巨无霸郑州大学的 4 倍多（7 万余人）。 这样的体量，中教规模依然在高速膨胀。 据 11 月初披露的 2022/23 学年新生数量，新学年的注册新生人数为 7.1 万人，同比增长 48%，再创新高；招生指标利用率为 90.3%，较上年的 80.3% 提升 10%。 招收的新生，近半读的是本科。 中教主营三块业务：高等职业教育、中等职业教育和国际教育。 其中，高职部分贡献八成，一年收入 39.3 亿元，扩大高职生规模，叠加学费增长，其增幅达到 42.5%。 两大家族共同运营 14 所学校，8 所是高职院校，最新并表的是成都锦城学院，其在中国民办独立学院中排名第一，现有全日制普通本专科学生 26000 余人。 高教办学门槛高，头部玩家强者恒强。 其一手稳步提价，每年适时调整课程学费，上涨幅度控制在 0%-30%；一手扩大校区，为学额增长预留空间。 例如，旗下的广州应用科技学院，分三期推进肇庆新校区的建设，一期竣工入住师生约 6000 人，二期正在建设中，预计 2022 年将新增入住师生约 9000 人，三期刚收购 372 亩的地块。 过去一个财年，中教控股毛利率约为 58%，堪比卖水的农夫山泉。 两家共治 「三本之王」的历史，可以追溯至上世纪 90 年代。 1999 年，于果在江西成立蓝天职业技术学院，谢可滔在广东成立广东白云职业技术学院。 两个学校均以职业教育起步，分别发展成为江西科技学院、广东白云学院，均以民办高等学历教育为主体。 2007 年，两家学院实行共同管理和控制，开启「共治」。10 年后，双方签订合作协议，于果、谢可滔成为一致行动人，共同对江西科技学院和广东白云学院行使集体管理和控制。 截至 2022 年 2 月，两家合计持有约 64% 的股权，按照 29 日收盘市值计，这笔股权价值约 110 亿人民币。 难得的是，共治模式维持 15 年之久。 中教控股的董事会，由于果、谢可滔两人共同担任联席主席。 董事会现有 7 名董事成员，负责日常运营的执行董事有 4 位：于果、谢可滔、喻恺、王睿，于果、喻恺（担任 CEO）为父子关系，谢可滔与王睿，则为舅甥关系，两组都是「一老一少」的搭配，代表各自家族在公司的利益。 其中，王睿于今年 9 月，才刚刚接任其母谢少华的执行董事职务，谢少华则是谢可滔的姐姐。 在董事会中，两家保持微妙平衡，在股权关系与薪酬上均是如此。 据年报披露，截至 2021 年 8 月末，四名董事为一致行动人，于果、谢可滔代表两家的持股，完全一致。四人的购股权份额，均为 650 万股。 在上一财年，两位联席主席的薪酬总计，分别为 105.7 万元、 104 万元，喻恺、谢少华则是 241.5.9 万元、 225.7 万元，同样基本一致。 刚履新的王睿，其董事袍金为 265 万港币，折合人民币，与喻恺的袍金依然大体相当。 喻恺、王睿分别为 37 岁、 32 岁，均有良好教育背景，喻拥有牛津大学教育研究哲学博士学位，王睿则持有美国肯恩大学计算机科学的硕士学位。 未来，两人预计将是合作延续的关键，共治模式可能会延续到下一代。两大家族办高校，一年大挣 19 亿 - 21 经济网
https://www.zhihu.com/question/569923886	网传「11 月 30 日上午，榆中县第一中学 18 岁女生在方舱质问工作人员」的录音，经核实，该女生系甘肃财贸学院学前教育某班学生罗某某。现将有关情况通告如下： 甘肃财贸学院共有师生 9500 余名。11 月 27 日 22 时 50 分，核酸检测机构检出该校 29 名阳性人员后，学校快速报属地防疫部门请求转运救治，属地防疫部门严格按程序复核核酸检测情况后，于 28 日晚 21 时快速将复检后的 29 名学生及时闭环转运至方舱医学观察，此 29 名学生转运至方舱前学校均已经通知学生核酸检测结果，入舱时按照第九版防控方案要求提供了核酸检测阳性报告。其中，罗某某核酸检测结果 N 靶标 29.80 、 ORFlab 靶标 30.04 、内参靶标 26.05。该方舱楼高五层，设床位 2200 张，采用中央空调采暖，舱内温度保持在 18℃-22℃。现有医护人员 220 名，每 4 小时一班轮流值守。方舱严格按照国家卫健委《方舱医院装备配置指南》，配备了相应急救设备和药品。 11 月 29 日 15 时许，罗某某向方舱工作人员反映所在房间暖气不热并索要感冒药，因舱内工作人员较少，未能对其需求及时给予解决，罗某某情绪激动指责工作人员，并将护士站桌面工作用品推搡在地，又将自己录制的录音转发至相关微信群。11 月 30 日，有网民在新浪微博发布音频，错误认定为甘肃兰州榆中县第一中学 18 岁女学生在方舱内质问工作人员的录音，引起网友大量转发，造成恶劣影响。经沟通说明，该网民已删除其微博发布内容。 事发后，我区防疫办和甘肃财贸学院相关负责人快速赶赴方舱，与学生本人进行了耐心沟通说明，对其所提问题进行了解释、相关诉求快速予以解决。其本人也充分认识到了自己过激行为、不实言论造成的危害，深刻认识到自身错误，并通过班级微信群进行了道歉。下一步，我们将举一反三，进一步强化方舱管理，做好在舱人员服务保障和情绪疏导，同步加强医疗救治，确保人员安心居舱、尽快出舱。兰州新区中川园区回应「榆中县第一中学 18 岁女生在方舱质问工作人员」兰州新区中川园区回应「榆中县第一中学 18 岁女生在方舱质问工作人员」
https://www.zhihu.com/question/569933318	据美国《华盛顿邮报》网站 11 月 28 日报道，新冠肺炎死亡病例向老年人倾斜，再次引发美国国内对「可接受的损失」的质疑。 报道称，尽管总统拜登曾表示美国新冠大流行「结束」了，但在蒙大拿州比灵斯的黄石县卫生部门官员约翰·费尔顿看来，大流行尚未结束，只是与之前有所不同。 现在，这是一场老年人的瘟疫，而且甚于以往任何时候。 10 月，费尔顿的团队录得 6 例新冠病毒导致的死亡病例。他们的年龄：一例 60 多岁、一例 70 多岁、两例 80 多岁、两例 90 多岁。 费尔顿说，当大多数人继续向前时，必须认识到脆弱的老年人仍然遭受着无情伤害。 美国疾病控制和预防中心的数据显示，平均每天仍有 300 多人死于新冠肺炎，其中大多数是 65 岁以上的老年人。虽然这远远低于德尔塔毒株高峰期的每天 2000 例死亡病例，但仍是流感死亡率的两到三倍——这再次引发了关于什么是「可接受的损失」的争论。 美国老年人一直是新冠危机期间受打击最严重的群体，但这一趋势如今变得更加明显。美媒：新冠在美国是「一场老年人的瘟疫」_《参考消息》官方网站
https://www.zhihu.com/question/569937001	据多位足球媒体人透露，李铁接受调查，已供出了三名前中国男足国脚。前国门张鹭已被带走，李铁供出张鹭 2019 年中超保级战武汉对天海时参与打假球；另两个没被透露姓名的球员，一人是李铁的沈阳老乡，在权健队和张鹭当过队友，后转会深圳；另一人曾是一名国脚边卫。 长期关注中国足球的澳洲资深体育媒体人李平康对中国新闻周刊透露称如果对李铁的经济问题展开全面调查，恐怕牵扯面会非常之广，在足坛引发新一轮「地震」。国足前主帅李铁被带走后，供出三名国脚 来源：北京青年报、中国新闻周刊
https://www.zhihu.com/question/569938708	五谷丰登粮满仓。今年粮食丰收已成定局，农民要丰收，也要增收，实现增收与丰收同步，才能持续激发农民种粮的内在动力。党的二十大明确提出，健全种粮农民收益保障机制。在落实中央财政提前下达的 2023 年农业相关转移支付的基础上，要持续强化政策供给，精准发力，力争做到政策保本、经营增效，让种粮农民不吃亏、有钱挣。 今年受成本驱动、需求拉动以及全球粮价上涨等各种因素叠加影响，我国粮食价格整体上扬，小麦、玉米、大豆价格高位波动，水稻价格运行平稳，优质优价特征明显，农民择机择时售粮，实现种粮收益最大化。但种粮成本持续攀升成为影响农民增收的「拦路虎」。这是因为，在去年高粮价的刺激下，今年土地租金以及化肥、农药、柴油等农资价格大幅上涨，种粮成本随之增加。加之今年粮食生产遭遇去年北方罕见秋雨秋汛、今年「南旱北涝」等极端天气，虽然没有带来灾害性后果，但一些农户为抗灾付出更多生产成本，种粮农户收益空间进一步收窄。 种粮成本高、收益低，是影响农民种粮积极性的主要原因。针对农资价格上涨问题，今年在春耕、夏收和秋收秋种的关键时期，中央财政先后三次向实际种粮农民发放一次性农资补贴资金 400 亿元，大幅缓解农资价格上涨带来的种粮增支影响。实际上，为了确保农民种粮收益，近年来我国不断强化粮食生产政策扶持力度，加快建立种粮农民收益保障机制。今年我国坚持并完善实施小麦、水稻最低收购价政策，并提高小麦、水稻最低收购价；完善大豆生产补贴政策，在国家发放大豆种植补贴、轮作补贴、大豆玉米复合种植补贴等各种补贴的基础上，地方政府追加补贴，极大地调动和保护了农民种植大豆的积极性。 粮食生产面临市场波动风险和自然灾害风险的挑战，投资越大，风险就会成倍放大。今年我国在继续实施政策性农业保险的基础上，实现三大主粮完全成本保险和种植收益保险在主产区产粮大县全覆盖，还在黑龙江和内蒙古开展大豆完全成本保险和种植收入保险试点，进一步提高保障水平。今年夏秋季节，一些地区因为「南旱北涝」天气造成不同程度粮食减产，参加完全成本保险和种植收益保险的农户，可以获得高额保险理赔，实现了「旱涝保收」。 值得注意的是，一些农户只参加了保额较低的政策性农业保险，没有参加完全成本保险和种植收益保险，无法获得高额保险理赔。造成这种现象的原因是多方面的。一是农民对保险认识不足，担心交了保费得不到保障；二是完全成本保险和种植收益保险自交保费比例高于传统保险，农户负担过重；三是一些地方存在限制参保名额、基层服务专业性不高、「重保轻赔」等问题，影响农户参保积极性。亟需加大农业保险宣传力度，完善保险政策设计，降低农户自交费比例，提高基层保险服务专业化水平，把好政策真正落到实处。 让农民获得更好的收益，还需要在经营上下功夫。聚焦关键薄弱环节，大力发展农业社会化服务，为种粮农户提供生产、烘干、收购、存储和贸易等社会化服务，实现粮食规模化、机械化、集约化生产，既可解决「谁来种地」的问题，实现降本增效，还可解决农民晒粮储粮难和卖粮难的问题，避免粮食产后损耗，提高农户种粮综合收益。 冬耕不可失，努力勿安卧。当前正是小麦安全越冬前田间管理的关键时期，农民忙着灌溉施肥。牢牢把住粮食安全主动权，粮食生产要年年抓紧，丝毫不能松懈。要鼓励农民多种粮、种好粮，确保来年粮食生产再获丰收。 （刘慧 来源：经济日报）
https://www.zhihu.com/question/569948376	当地时间 11 月 30 日，欧盟委员会主席冯德莱恩发表声明，称欧盟已冻结 3000 亿欧元的俄罗斯中央银行储备。 她还表示，建议创建一个机构来管理这些资金并进行投资，将收益用于赔偿乌克兰的损失并支付重建国家的费用。 
https://www.zhihu.com/question/569948403	对于品质测试，东风标致搞了一波大的，东风标致新 408 与东风标致 508L 即将联合知乎新奇实验室开启一场「飞行大考验」！ 前情提要戳这里↓ 号称汽车界版「愤怒的小鸟」，巨型弹弓重出江湖，一招弹飞新 408！ 对于东风标致新 408 而言，被超级大弹弓弹飞，他敢挑战的底气是什么？
https://www.zhihu.com/question/569950653	周四日 A 股三大指数全线高开逾 1%，早盘市场高位横盘，沪指一度靠近 3200 点，创业板指曾短暂收复 2400 点；午后沪指逐步回落，深成指、创业板指等继续整理。收评：沪指涨 0.45% 创业板指涨超 1.5%，北向资金净买入超 110 亿元
https://www.zhihu.com/question/569955866	我知道自己在初中很重要，要考一个好点儿的高中，然后让父母开心，但是实在学不进去，天天就想摆烂，况且现在还上网课，实在学不进去了，上课都听不了多少，什么也不干，就是听不进去。
https://www.zhihu.com/question/569958882	Tech 星球 12 月 1 日消息，今日，有汽车博主爆料称，恒大恒驰新能源员工「停工留职」，员工自今日起，迎来了横跨整个春节的「超长假期」，累计有 90 天之久。 据悉，恒大恒驰新能源汽车科技（广东）发布公告称，公司出现严重经营困难，亟待管理优化调整，因为您所在的岗位一定时期内暂无工作，故办理停工留职。停工留职时间为 2022 年 12 月 1 日至 2023 年 2 月 28 日，为期三个月，后续将根据工作情况调整并告知。期间，若与其它单位建立劳动关系，须至少提前 3 个工作日提交书面辞职申请，否则视同为与公司自动接触劳动关系。 值得一提的是，此前有网友吐槽恒驰 5 存在多项质量问题的视频引发广泛关注。该视频博主称，恒驰 5 拿到手就出现了「BUG（漏洞）」，车机屏幕文字与文字间发生重叠，踩刹车还伴有异响，表显剩余 12 公里时车辆突然趴窝。同时在辅助驾驶方面，该博主表示「统统不能用」。类似的品控问题并不是孤例，还有视频博主称恒驰 5 存在座椅通风打不开，座椅加热关不了等问题。 对此，恒驰汽车一名销售人员称目前在进行车机升级，升级完成后问题就会改善。对于辅助驾驶不能使用的问题，客服表示后续会进行 OTA 升级，预计时间需在官网查询。 此前 10 月 29 日，恒驰汽车官方账号发文宣布，恒驰 5 正式开启交付，首批 100 位恒驰车主成功提车。 据介绍，为全面保障车主权益，根据预订协议，首批车主在交车时付全款至天津市津滨公证处。目前，恒驰汽车服务网络已覆盖全国 235 个城市、 313 个网点，车主可享受整车终身质保、三电终身质保、终身免费保养等行业绝无仅有的用户权益。 此外，恒驰汽车已在北京、天津、上海、广州、深圳、郑州、成都、重庆、海口等 19 个城市布局首批交付服务中心。首批 100 台交付后，后续批次车辆将陆续发往各地交付到车主手中。网传恒大汽车员工今日起停工留职：为期三个月，直到明年 2 月 28 日
https://www.zhihu.com/question/569959604	对瑞典电池制造商诺斯伏特而言，在欧洲最大的汽车生产国德国建立锂电池工厂，本来是不用过脑子就能作出决定的双赢之举。但最近，诺斯伏特的目光却从欧洲转向了北美。该公司 CEO 彼得·卡尔森对路透社表示，如果在美国建立锂电池工厂，诺斯伏特可获得高达 8.36 亿美元的美国政府补贴。 今年 8 月签署、将在明年 1 月生效的美国《通胀削减法案》（IRA），正在吸引越来越多的制造企业离开欧洲，迁往美国。电动汽车制造商特斯拉中止了在德国新建电池工厂的计划，全球最大钢铁制造商阿塞洛米塔尔集团关闭了在德国的部分业务。其他制造企业高管也表达了同样的想法。一项调查显示，计划扩大对美投资的企业数量，已经超过了计划扩大对欧投资的企业，尤其是在汽车领域。 《通胀削减法案》通篇未提「补贴」一词，但国际社会普遍认为，该法案违反了世贸组织（WTO）规则，其实质是一种具有歧视性的贸易保护政策。根据该法案，美国联邦政府将为绿色投资和绿色消费提供高达 3690 亿美元的补贴，但前提是，电动汽车必须在北美进行组装，电池生产所用的关键矿物质必须部分来自美国或美国的自贸伙伴。 来源：中国青年网 贸易保护或将引发美欧「补贴战」 
https://www.zhihu.com/question/569967345	近日，网上流传的一份处分决定显示，甘肃省会宁县第三中学某高三学生于 11 月 29 日中午从女生公寓楼后隔墙收取家长递送的油饼，在宿舍推销。由此，该学生被学校勒令退学。12 月 1 日，会宁县教育局工作人员回应大众网·海报新闻记者称，目前已撤销了上述处分，昨天（11 月 30 日）学生已经正常上课。 前述处分决定称，该学生置学校三令五申的防疫要求于不顾，其行为对全校师生员工的健康安全造成极大威胁。为严明校纪，11 月 29 日下午，学校行政会议研究决定，给予该学生勒令退学的处分。学校已针对此事向公安机关报案，以儆效尤甘肃高中生在宿舍卖自家油饼被勒令退学？县教育局回应：已撤销处分 恢复上课甘肃高中生在宿舍卖自家油饼被勒令退学？县教育局回应：已撤销处分 恢复上课 _ 宁县 _ 海报 _ 员工
https://www.zhihu.com/question/569973724	每经 AI 快讯，日前，特斯拉（上海）有限公司根据《缺陷汽车产品召回管理条例》和《缺陷汽车产品召回管理条例实施办法》的要求，向国家市场监督管理总局备案了召回计划。自即日起，召回生产日期在 2020 年 12 月 27 日至 2022 年 11 月 7 日期间的部分国产 Model 3 电动汽车，共计 142277 辆；召回生产日期在 2021 年 1 月 1 日至 2022 年 11 月 11 日期间的部分国产 Model Y 电动汽车，共计 292855 辆。本次召回范围内的部分车辆在从驻车状态唤醒过程中，车辆示廓灯的软件在初始化内部参数时可能会发生错误，导致车辆后部一侧或两侧的示廓灯无法点亮。在黑暗环境下偶发性示廓灯不亮会降低车辆的可见度，极端情况下会增加车辆发生碰撞事故的风险，存在安全隐患。（市场监管总局）特斯拉（上海）有限公司召回部分国产 Model 3 和 Model Y 电动汽车
https://www.zhihu.com/question/569975453	2022 年 11 月 30 日，是个特别的日子。 这一天，国务院副总理孙春兰在国家卫生健康委召开座谈会，听取有关方面专家对优化完善防控措施的意见建议。她指出，随着奥密克戎病毒致病性的减弱、疫苗接种的普及、防控经验的积累，我国疫情防控面临新形势新任务。 这一天，多个超大特大城市几乎是同步对防疫措施进行优化——恢复流动性方面，广州多区解除临时管控区，重庆宣布中心城区逐步放开，郑州也开始解除流动性管理；隔离方面，深圳提出不以时空伴随作为判定密切接触者的标准，广州、重庆、郑州都宣布符合条件密接可居家隔离；核酸检测方面，北京和郑州都宣布无社会面活动的人员如无外出需求可不参加社区核酸筛查。除了上述超大特大城市，河北省会石家庄也在 10 天的全员核酸筛查后，宣布开始有序恢复生产生活秩序。多个超大特大城市同步调整防疫措施，专家建议优化隔离政策
https://www.zhihu.com/question/569980329	关于当前疫情防控措施的几点考虑 近一两天，国内个别城市做出了疫情防控措施的一些调整。广大市民同志，尤其是处于风险管控区域的居民同志很关心我市会有什么样的举措。现将几点考虑向大家通报一下。 一、「11·21」聚集性疫情发生以来，在全市上下的共同努力下，尤其是处于风险管控区内居民同志的大力配合下，防控工作已经取得了阶段性成果，11 月 28 日已出现拐点，风险管控区内的新增感染者数量连日下降，三天来已陆续放开多个风险管控区域的有序流动。只要继续将已经采取的措施再坚持数日，即可取得全面胜利。我们的预计是到本周末，可以逐步放开大部分风险管控区域的有序流动，到下周一，除最晚出现新增感染者的少数高风险区域，将全面恢复正常生产生活。 二、我们认为，在短期内就可以实现「动态清零」的情况下，不应当放弃近十天以来的努力。我们这些天实施的相关管控措施都是依据「第九版」「二十条」做出的具体安排，如果现在放弃了这些已经见到突出成效的措施，可以预见，没有清除掉的病毒一定会一传十、十传百地蔓延起来。能清零而不清零，实在是太可惜了！ 三、我们认为，不管新冠病毒的毒性减没减弱，重症率和死亡率如何，后遗症有多少，但它毕竟是病毒感染，「不得总比得了好」；按照专家们的分析判断，新冠病毒的致病性在逐步减弱，所以「越往后，越安全」。我们没有必要在可以清零、可以不形成大面积感染的情况下放弃防守。 四、综合以上考虑，我们决定巩固十天辛苦换来的成果，再继续坚守几日，实现「动态清零」，风险更小地恢复正常生产生活。恳请得到大家的认同和支持。 个人防护越来越重要，什么情况下都别拿感染不当事。请大家继续保持少出行、不聚集，戴口罩、勤洗手，参与「无疫区域」创建。 锦州市新冠肺炎疫情 防控指挥部 关于当前疫情防控措施的几点考虑
https://www.zhihu.com/question/569981050	中国银保监会办公厅关于开展养老保险公司商业养老金业务试点的通知 银保监办发〔 2022 〕 108 号 北京、上海、江苏、浙江、福建、山东、河南、广东、四川、陕西、宁波、厦门、青岛、深圳银保监局，中国人民养老保险有限责任公司、中国人寿养老保险股份有限公司、太平养老保险股份有限公司、国民养老保险股份有限公司： 为落实党中央、国务院关于规范发展第三支柱养老保险的决策部署，进一步促进我国多层次、多支柱养老保险体系发展，更好满足人民群众多样化养老保障需求，银保监会决定开展养老保险公司商业养老金业务试点。现就有关事项通知如下： 一、试点期限和范围 自 2023 年 1 月 1 日起，在北京市、上海市、江苏省、浙江省、福建省、山东省、河南省、广东省、四川省、陕西省等 10 个省（市）开展商业养老金业务试点。试点期限暂定一年。 参与试点养老保险公司为：中国人民养老保险有限责任公司、中国人寿养老保险股份有限公司、太平养老保险股份有限公司、国民养老保险股份有限公司。 二、试点内容 （一）创新发展养老保险公司商业养老金业务，提供包括养老账户管理、养老规划、资金管理和风险管理等服务，满足客户生命周期内多样化养老需求。 （二）探索利用多渠道开展商业养老金业务，更广泛地覆盖和触达广大人民群众，特别是新产业、新业态从业人员和灵活就业人员。允许企事业单位以适当方式，依法合规为个人提供交费支持。 （三）探索建立与商业养老金业务特点相适应的销售长期激励机制、风险管控机制和投资管理机制等，坚持长期投资、价值投资、审慎投资，开展养老资金长周期管理。 三、试点要求 （一）各公司应加强对商业养老金业务试点的统一领导，健全工作机制，加大资源投入，加强制度建设，切实提升投资管理和风险管控能力，有序建立适合商业养老金业务发展要求的治理结构、组织架构、考核体系等。 （二）各公司应建立完善的商业养老金信息系统，确保具备与业务需求相适应的处理能力，能够高效、稳定地支持商业养老金业务账户管理、产品管理、信息披露、客户服务等，加强客户信息保护，健全网络安全防护体系。 （三）各公司应审慎制定发展规划，稳步推进试点各项工作，可在试点区域内不设分支机构经营商业养老金业务，但应具备与业务发展相适应的服务能力。 （四）各公司应于每季度结束后 5 个工作日内，向银保监会和试点地区银保监局报送商业养老金业务试点报告。 试点地区银保监局应密切关注业务发展和市场反映，加强业务监管，对试点过程中遇到的困难和问题，及时向银保监会报告。 中国银保监会办公厅 2022 年 11 月 24 日银保监会：明年 1 月起在北京等 10 个省市开展商业养老金业务试点 -- 经济・科技 -- 人民网
https://www.zhihu.com/question/569984505	11 月 30 日，欧盟委员会主席乌尔苏拉·冯德莱恩在其社交媒体账号上发布一段涉及俄乌局势的讲话视频，视频中冯德莱恩提及乌克兰方面自冲突爆发以来「已有 10 万军人和 2 万平民丧生」，但随后视频被删除，在重新发布的视频中，关于此前的军人与平民死亡部分则被剪辑删除。欧盟委员会方面事后解释称，10 万的说法源于外部来源，应该是指「人员伤亡」而非仅为丧生。 乌克兰武装部队公共关系部负责人博格丹·塞尼克则在《乌克兰真理报》的报道中表示，无法证实这个数字，他还强调称，乌克兰军队的损失是「机密信息」，受到发布限制。欧盟主席删除乌军阵亡十万发言 乌军：损失属于机密信息
https://www.zhihu.com/question/569985599	据央视新闻客户端消息，在今天（12 月 1 日）商务部举行的例行新闻发布会上，新闻发言人束珏婷介绍，11 月 25 日，美国联邦通信委员会宣布禁止进口和销售五家中国企业的电信设备，称上述企业对美国家安全构成「不可接受的风险」。美方一再泛化国家安全概念，滥用国家力量恶意打压中国企业，中方对此坚决反对。 束珏婷表示，美方的做法不仅损害中国企业合法权益，也将影响美国企业和消费者利益，破坏国际经贸秩序和贸易规则，不利于中美两国，也不利于整个世界。美方应立即纠正错误做法，停止将经贸问题政治化、武器化，公平对待包括中国企业在内的各国企业。中方将采取必要措施，坚决维护中国企业合法权益。商务部：美方应停止将经贸问题政治化、武器化
https://www.zhihu.com/question/569987910	根据《全国经济普查条例》的规定，国务院决定于 2023 年开展第五次全国经济普查。第五次全国经济普查是一项重大国情国力调查，将首次统筹开展投入产出调查，全面调查我国第二产业和第三产业发展规模、布局和效益，摸清各类单位基本情况，掌握国民经济行业间经济联系，客观反映推动高质量发展、构建新发展格局、建设现代化经济体系、深化供给侧结构性改革以及创新驱动发展、区域协调发展、生态文明建设、高水平对外开放、公共服务体系建设等方面的新进展。通过普查，进一步夯实统计基础，推进统计现代化改革，为加强和改善宏观经济治理、科学制定中长期发展规划、全面建设社会主义现代化国家，提供科学准确的统计信息支持。 普查的对象是在我国境内从事第二产业和第三产业活动的全部法人单位、产业活动单位和个体经营户。具体范围包括：采矿业，制造业，电力、热力、燃气及水生产和供应业，建筑业，批发和零售业，交通运输、仓储和邮政业，住宿和餐饮业，信息传输、软件和信息技术服务业，金融业，房地产业，租赁和商务服务业，科学研究和技术服务业，水利、环境和公共设施管理业，居民服务、修理和其他服务业，教育，卫生和社会工作，文化、体育和娱乐业，公共管理、社会保障和社会组织等。
